param,iter,value,cost,delta_cost,better
Aa1,0,1.000000e-09,1.396218e+05,1.350104e+05,N
Aa1,1,2.668896e-09,1.404203e+05,1.358090e+05,N
Aa1,2,4.337793e-09,1.427715e+05,1.381602e+05,N
Aa1,3,6.006689e-09,1.499595e+05,1.453481e+05,N
Aa1,4,7.675585e-09,1.498508e+05,1.452395e+05,N
Aa1,5,9.344482e-09,1.545869e+05,1.499755e+05,N
Aa1,6,1.101338e-08,1.502487e+05,1.456373e+05,N
Aa1,7,1.268227e-08,1.632256e+05,1.586143e+05,N
Aa1,8,1.435117e-08,1.678346e+05,1.632233e+05,N
Aa1,9,1.602007e-08,1.719628e+05,1.673515e+05,N
Aa1,10,1.768896e-08,1.755904e+05,1.709791e+05,N
Aa1,11,1.935786e-08,1.786060e+05,1.739947e+05,N
Aa1,12,2.102676e-08,1.808972e+05,1.762859e+05,N
Aa1,13,2.269565e-08,1.823501e+05,1.777388e+05,N
Aa1,14,2.436455e-08,1.827964e+05,1.781851e+05,N
Aa1,15,2.603344e-08,1.822649e+05,1.776535e+05,N
Aa1,16,2.770234e-08,1.810793e+05,1.764679e+05,N
Aa1,17,2.937124e-08,1.775055e+05,1.728942e+05,N
Aa1,18,3.104013e-08,1.734947e+05,1.688834e+05,N
Aa1,19,3.270903e-08,1.682265e+05,1.636152e+05,N
Aa1,20,3.437793e-08,1.612528e+05,1.566415e+05,N
Aa1,21,3.604682e-08,1.524384e+05,1.478271e+05,N
Aa1,22,3.771572e-08,1.436655e+05,1.390542e+05,N
Aa1,23,3.938462e-08,1.337507e+05,1.291394e+05,N
Aa1,24,4.105351e-08,1.156383e+05,1.110270e+05,N
Aa1,25,4.272241e-08,1.003332e+05,9.572191e+04,N
Aa1,26,4.439130e-08,8.443690e+04,7.982558e+04,N
Aa1,27,4.606020e-08,6.857025e+04,6.395893e+04,N
Aa1,28,4.772910e-08,5.351249e+04,4.890116e+04,N
Aa1,29,4.939799e-08,3.998648e+04,3.537515e+04,N
Aa1,30,5.106689e-08,2.851915e+04,2.390782e+04,N
Aa1,31,5.273579e-08,1.936321e+04,1.475188e+04,N
Aa1,32,5.440468e-08,1.252084e+04,7.909510e+03,N
Aa1,33,5.607358e-08,7.856808e+03,3.245481e+03,N
Aa1,34,5.774247e-08,5.239247e+03,6.279193e+02,N
Aa1,35,5.941137e-08,4.649021e+03,3.769383e+01,N
Aa1,36,6.108027e-08,6.374675e+03,1.763347e+03,N
Aa1,37,6.274916e-08,1.225764e+04,7.646312e+03,N
Aa1,38,6.441806e-08,2.717569e+04,2.256437e+04,N
Aa1,39,6.608696e-08,5.593019e+04,5.131886e+04,N
Aa1,40,6.775585e-08,1.152699e+05,1.106586e+05,N
Aa1,41,6.942475e-08,7.187168e+03,2.575841e+03,N
Aa1,42,7.109365e-08,9.825179e+03,5.213852e+03,N
Aa1,43,7.276254e-08,1.910841e+04,1.449708e+04,N
Aa1,44,7.443144e-08,2.587071e+04,2.125938e+04,N
Aa1,45,7.610033e-08,3.292553e+04,2.831420e+04,N
Aa1,46,7.776923e-08,5.648761e+04,5.187629e+04,N
Aa1,47,7.943813e-08,7.363816e+04,6.902683e+04,N
Aa1,48,8.110702e-08,9.707241e+04,9.246108e+04,N
Aa1,49,8.277592e-08,1.356810e+05,1.310697e+05,N
Aa1,50,8.444482e-08,1.726668e+05,1.680555e+05,N
Aa1,51,8.611371e-08,1.789022e+05,1.742908e+05,N
Aa1,52,8.778261e-08,1.525718e+05,1.479605e+05,N
Aa1,53,8.945151e-08,1.272108e+05,1.225994e+05,N
Aa1,54,9.112040e-08,1.193359e+05,1.147246e+05,N
Aa1,55,9.278930e-08,1.251737e+05,1.205624e+05,N
Aa1,56,9.445819e-08,1.355268e+05,1.309154e+05,N
Aa1,57,9.612709e-08,1.447871e+05,1.401758e+05,N
Aa1,58,9.779599e-08,1.513915e+05,1.467802e+05,N
Aa1,59,9.946488e-08,1.565210e+05,1.519097e+05,N
Aa1,60,1.011338e-07,1.583060e+05,1.536947e+05,N
Aa1,61,1.028027e-07,1.592358e+05,1.546245e+05,N
Aa1,62,1.044716e-07,1.600500e+05,1.554386e+05,N
Aa1,63,1.061405e-07,1.606849e+05,1.560735e+05,N
Aa1,64,1.078094e-07,1.612623e+05,1.566510e+05,N
Aa1,65,1.094783e-07,1.618834e+05,1.572720e+05,N
Aa1,66,1.111472e-07,1.625020e+05,1.578907e+05,N
Aa1,67,1.128161e-07,1.632096e+05,1.585983e+05,N
Aa1,68,1.144849e-07,1.640747e+05,1.594634e+05,N
Aa1,69,1.161538e-07,1.651936e+05,1.605823e+05,N
Aa1,70,1.178227e-07,1.668204e+05,1.622091e+05,N
Aa1,71,1.194916e-07,1.693140e+05,1.647027e+05,N
Aa1,72,1.211605e-07,1.756237e+05,1.710124e+05,N
Aa1,73,1.228294e-07,1.777244e+05,1.731130e+05,N
Aa1,74,1.244983e-07,1.842391e+05,1.796278e+05,N
Aa1,75,1.261672e-07,1.923110e+05,1.876997e+05,N
Aa1,76,1.278361e-07,2.006295e+05,1.960182e+05,N
Aa1,77,1.295050e-07,2.072391e+05,2.026277e+05,N
Aa1,78,1.311739e-07,2.102845e+05,2.056731e+05,N
Aa1,79,1.328428e-07,2.107860e+05,2.061747e+05,N
Aa1,80,1.345117e-07,2.162141e+05,2.116028e+05,N
Aa1,81,1.361806e-07,2.297213e+05,2.251099e+05,N
Aa1,82,1.378495e-07,2.533038e+05,2.486925e+05,N
Aa1,83,1.395184e-07,2.413367e+05,2.367253e+05,N
Aa1,84,1.411873e-07,2.211674e+05,2.165561e+05,N
Aa1,85,1.428562e-07,2.339686e+05,2.293573e+05,N
Aa1,86,1.445251e-07,2.462349e+05,2.416236e+05,N
Aa1,87,1.461940e-07,2.553625e+05,2.507512e+05,N
Aa1,88,1.478629e-07,2.635344e+05,2.589230e+05,N
Aa1,89,1.495318e-07,2.708737e+05,2.662624e+05,N
Aa1,90,1.512007e-07,2.782908e+05,2.736794e+05,N
Aa1,91,1.528696e-07,2.951892e+05,2.905779e+05,N
Aa1,92,1.545385e-07,2.936513e+05,2.890400e+05,N
Aa1,93,1.562074e-07,2.990476e+05,2.944363e+05,N
Aa1,94,1.578763e-07,3.062449e+05,3.016336e+05,N
Aa1,95,1.595452e-07,3.138277e+05,3.092163e+05,N
Aa1,96,1.612140e-07,3.218484e+05,3.172371e+05,N
Aa1,97,1.628829e-07,3.317383e+05,3.271269e+05,N
Aa1,98,1.645518e-07,3.372254e+05,3.326140e+05,N
Aa1,99,1.662207e-07,3.448830e+05,3.402716e+05,N
Aa1,100,1.678896e-07,3.525659e+05,3.479546e+05,N
Aa1,101,1.695585e-07,3.602185e+05,3.556072e+05,N
Aa1,102,1.712274e-07,3.678718e+05,3.632605e+05,N
Aa1,103,1.728963e-07,3.755867e+05,3.709753e+05,N
Aa1,104,1.745652e-07,3.831256e+05,3.785143e+05,N
Aa1,105,1.762341e-07,3.907069e+05,3.860956e+05,N
Aa1,106,1.779030e-07,3.982397e+05,3.936283e+05,N
Aa1,107,1.795719e-07,4.056927e+05,4.010814e+05,N
Aa1,108,1.812408e-07,4.130639e+05,4.084526e+05,N
Aa1,109,1.829097e-07,4.203060e+05,4.156947e+05,N
Aa1,110,1.845786e-07,4.273790e+05,4.227676e+05,N
Aa1,111,1.862475e-07,4.344765e+05,4.298652e+05,N
Aa1,112,1.879164e-07,4.413592e+05,4.367479e+05,N
Aa1,113,1.895853e-07,4.477615e+05,4.431501e+05,N
Aa1,114,1.912542e-07,4.543523e+05,4.497410e+05,N
Aa1,115,1.929231e-07,4.603229e+05,4.557116e+05,N
Aa1,116,1.945920e-07,4.663806e+05,4.617693e+05,N
Aa1,117,1.962609e-07,4.709834e+05,4.663721e+05,N
Aa1,118,1.979298e-07,4.775628e+05,4.729514e+05,N
Aa1,119,1.995987e-07,4.824803e+05,4.778690e+05,N
Aa1,120,2.012676e-07,4.873915e+05,4.827801e+05,N
Aa1,121,2.029365e-07,4.920590e+05,4.874477e+05,N
Aa1,122,2.046054e-07,4.964914e+05,4.918800e+05,N
Aa1,123,2.062742e-07,5.007276e+05,4.961163e+05,N
Aa1,124,2.079431e-07,5.047090e+05,5.000977e+05,N
Aa1,125,2.096120e-07,5.126784e+05,5.080671e+05,N
Aa1,126,2.112809e-07,5.114670e+05,5.068556e+05,N
Aa1,127,2.129498e-07,5.143942e+05,5.097829e+05,N
Aa1,128,2.146187e-07,5.180729e+05,5.134616e+05,N
Aa1,129,2.162876e-07,5.207607e+05,5.161493e+05,N
Aa1,130,2.179565e-07,5.234949e+05,5.188836e+05,N
Aa1,131,2.196254e-07,5.263261e+05,5.217147e+05,N
Aa1,132,2.212943e-07,5.284223e+05,5.238110e+05,N
Aa1,133,2.229632e-07,5.305720e+05,5.259606e+05,N
Aa1,134,2.246321e-07,5.312920e+05,5.266807e+05,N
Aa1,135,2.263010e-07,5.346024e+05,5.299911e+05,N
Aa1,136,2.279699e-07,5.364535e+05,5.318421e+05,N
Aa1,137,2.296388e-07,5.382256e+05,5.336142e+05,N
Aa1,138,2.313077e-07,5.399240e+05,5.353127e+05,N
Aa1,139,2.329766e-07,5.415561e+05,5.369447e+05,N
Aa1,140,2.346455e-07,5.431350e+05,5.385237e+05,N
Aa1,141,2.363144e-07,5.446648e+05,5.400535e+05,N
Aa1,142,2.379833e-07,5.461539e+05,5.415426e+05,N
Aa1,143,2.396522e-07,5.476116e+05,5.430003e+05,N
Aa1,144,2.413211e-07,5.490197e+05,5.444083e+05,N
Aa1,145,2.429900e-07,5.503947e+05,5.457833e+05,N
Aa1,146,2.446589e-07,5.517265e+05,5.471152e+05,N
Aa1,147,2.463278e-07,5.529939e+05,5.483826e+05,N
Aa1,148,2.479967e-07,5.517208e+05,5.471095e+05,N
Aa1,149,2.496656e-07,5.485188e+05,5.439074e+05,N
Aa1,150,2.513344e-07,5.564781e+05,5.518668e+05,N
Aa1,151,2.530033e-07,5.575792e+05,5.529678e+05,N
Aa1,152,2.546722e-07,5.582819e+05,5.536705e+05,N
Aa1,153,2.563411e-07,5.590034e+05,5.543921e+05,N
Aa1,154,2.580100e-07,5.596050e+05,5.549937e+05,N
Aa1,155,2.596789e-07,5.600812e+05,5.554699e+05,N
Aa1,156,2.613478e-07,5.604645e+05,5.558532e+05,N
Aa1,157,2.630167e-07,5.607453e+05,5.561340e+05,N
Aa1,158,2.646856e-07,5.607401e+05,5.561288e+05,N
Aa1,159,2.663545e-07,5.607046e+05,5.560932e+05,N
Aa1,160,2.680234e-07,5.605593e+05,5.559480e+05,N
Aa1,161,2.696923e-07,5.603221e+05,5.557108e+05,N
Aa1,162,2.713612e-07,5.600020e+05,5.553907e+05,N
Aa1,163,2.730301e-07,5.596167e+05,5.550053e+05,N
Aa1,164,2.746990e-07,5.591462e+05,5.545348e+05,N
Aa1,165,2.763679e-07,5.586445e+05,5.540331e+05,N
Aa1,166,2.780368e-07,5.580943e+05,5.534830e+05,N
Aa1,167,2.797057e-07,5.575184e+05,5.529070e+05,N
Aa1,168,2.813746e-07,5.569315e+05,5.523202e+05,N
Aa1,169,2.830435e-07,5.563654e+05,5.517541e+05,N
Aa1,170,2.847124e-07,5.523722e+05,5.477609e+05,N
Aa1,171,2.863813e-07,5.564401e+05,5.518287e+05,N
Aa1,172,2.880502e-07,5.544546e+05,5.498432e+05,N
Aa1,173,2.897191e-07,5.538022e+05,5.491908e+05,N
Aa1,174,2.913880e-07,5.532380e+05,5.486267e+05,N
Aa1,175,2.930569e-07,5.526323e+05,5.480210e+05,N
Aa1,176,2.947258e-07,5.519833e+05,5.473720e+05,N
Aa1,177,2.963946e-07,5.508896e+05,5.462783e+05,N
Aa1,178,2.980635e-07,5.498793e+05,5.452679e+05,N
Aa1,179,2.997324e-07,5.502749e+05,5.456635e+05,N
Aa1,180,3.014013e-07,5.499045e+05,5.452931e+05,N
Aa1,181,3.030702e-07,5.494957e+05,5.448844e+05,N
Aa1,182,3.047391e-07,5.488497e+05,5.442384e+05,N
Aa1,183,3.064080e-07,5.484316e+05,5.438203e+05,N
Aa1,184,3.080769e-07,5.477543e+05,5.431429e+05,N
Aa1,185,3.097458e-07,5.471978e+05,5.425865e+05,N
Aa1,186,3.114147e-07,5.468143e+05,5.422029e+05,N
Aa1,187,3.130836e-07,5.463637e+05,5.417524e+05,N
Aa1,188,3.147525e-07,5.459105e+05,5.412992e+05,N
Aa1,189,3.164214e-07,5.454565e+05,5.408452e+05,N
Aa1,190,3.180903e-07,5.450505e+05,5.404392e+05,N
Aa1,191,3.197592e-07,5.420905e+05,5.374792e+05,N
Aa1,192,3.214281e-07,5.444775e+05,5.398661e+05,N
Aa1,193,3.230970e-07,5.441757e+05,5.395643e+05,N
Aa1,194,3.247659e-07,5.435992e+05,5.389879e+05,N
Aa1,195,3.264348e-07,5.429601e+05,5.383487e+05,N
Aa1,196,3.281037e-07,5.422304e+05,5.376190e+05,N
Aa1,197,3.297726e-07,5.416371e+05,5.370258e+05,N
Aa1,198,3.314415e-07,5.410951e+05,5.364838e+05,N
Aa1,199,3.331104e-07,5.405746e+05,5.359633e+05,N
Aa1,200,3.347793e-07,5.400671e+05,5.354558e+05,N
Aa1,201,3.364482e-07,5.395794e+05,5.349681e+05,N
Aa1,202,3.381171e-07,5.391895e+05,5.345781e+05,N
Aa1,203,3.397860e-07,5.397935e+05,5.351822e+05,N
Aa1,204,3.414548e-07,5.388267e+05,5.342154e+05,N
Aa1,205,3.431237e-07,5.354971e+05,5.308858e+05,N
Aa1,206,3.447926e-07,5.368015e+05,5.321902e+05,N
Aa1,207,3.464615e-07,5.363732e+05,5.317619e+05,N
Aa1,208,3.481304e-07,5.358368e+05,5.312255e+05,N
Aa1,209,3.497993e-07,5.353182e+05,5.307069e+05,N
Aa1,210,3.514682e-07,5.348147e+05,5.302034e+05,N
Aa1,211,3.531371e-07,5.337083e+05,5.290970e+05,N
Aa1,212,3.548060e-07,5.336003e+05,5.289890e+05,N
Aa1,213,3.564749e-07,5.332346e+05,5.286232e+05,N
Aa1,214,3.581438e-07,5.326783e+05,5.280669e+05,N
Aa1,215,3.598127e-07,5.321341e+05,5.275228e+05,N
Aa1,216,3.614816e-07,5.315879e+05,5.269765e+05,N
Aa1,217,3.631505e-07,5.310434e+05,5.264320e+05,N
Aa1,218,3.648194e-07,5.304989e+05,5.258876e+05,N
Aa1,219,3.664883e-07,5.299543e+05,5.253429e+05,N
Aa1,220,3.681572e-07,5.294102e+05,5.247988e+05,N
Aa1,221,3.698261e-07,5.288717e+05,5.242603e+05,N
Aa1,222,3.714950e-07,5.283121e+05,5.237008e+05,N
Aa1,223,3.731639e-07,5.277471e+05,5.231358e+05,N
Aa1,224,3.748328e-07,5.263040e+05,5.216927e+05,N
Aa1,225,3.765017e-07,5.261442e+05,5.215329e+05,N
Aa1,226,3.781706e-07,5.267319e+05,5.221205e+05,N
Aa1,227,3.798395e-07,5.256763e+05,5.210649e+05,N
Aa1,228,3.815084e-07,5.251710e+05,5.205597e+05,N
Aa1,229,3.831773e-07,5.246776e+05,5.200662e+05,N
Aa1,230,3.848462e-07,5.242024e+05,5.195911e+05,N
Aa1,231,3.865151e-07,5.208020e+05,5.161907e+05,N
Aa1,232,3.881839e-07,5.232736e+05,5.186623e+05,N
Aa1,233,3.898528e-07,5.227512e+05,5.181399e+05,N
Aa1,234,3.915217e-07,5.222393e+05,5.176279e+05,N
Aa1,235,3.931906e-07,5.217111e+05,5.170998e+05,N
Aa1,236,3.948595e-07,5.211582e+05,5.165469e+05,N
Aa1,237,3.965284e-07,5.205798e+05,5.159685e+05,N
Aa1,238,3.981973e-07,5.199822e+05,5.153708e+05,N
Aa1,239,3.998662e-07,5.193737e+05,5.147624e+05,N
Aa1,240,4.015351e-07,5.187625e+05,5.141512e+05,N
Aa1,241,4.032040e-07,5.181550e+05,5.135437e+05,N
Aa1,242,4.048729e-07,5.175581e+05,5.129467e+05,N
Aa1,243,4.065418e-07,5.169919e+05,5.123806e+05,N
Aa1,244,4.082107e-07,5.158304e+05,5.112191e+05,N
Aa1,245,4.098796e-07,5.174366e+05,5.128253e+05,N
Aa1,246,4.115485e-07,5.152393e+05,5.106280e+05,N
Aa1,247,4.132174e-07,5.146279e+05,5.100166e+05,N
Aa1,248,4.148863e-07,5.140552e+05,5.094439e+05,N
Aa1,249,4.165552e-07,5.134928e+05,5.088814e+05,N
Aa1,250,4.182241e-07,5.129539e+05,5.083426e+05,N
Aa1,251,4.198930e-07,5.123219e+05,5.077106e+05,N
Aa1,252,4.215619e-07,5.118536e+05,5.072423e+05,N
Aa1,253,4.232308e-07,5.112884e+05,5.066771e+05,N
Aa1,254,4.248997e-07,5.107357e+05,5.061243e+05,N
Aa1,255,4.265686e-07,5.101963e+05,5.055850e+05,N
Aa1,256,4.282375e-07,5.096600e+05,5.050486e+05,N
Aa1,257,4.299064e-07,5.091278e+05,5.045164e+05,N
Aa1,258,4.315753e-07,5.085992e+05,5.039879e+05,N
Aa1,259,4.332441e-07,5.080741e+05,5.034628e+05,N
Aa1,260,4.349130e-07,5.075526e+05,5.029412e+05,N
Aa1,261,4.365819e-07,5.070349e+05,5.024236e+05,N
Aa1,262,4.382508e-07,5.065228e+05,5.019115e+05,N
Aa1,263,4.399197e-07,5.060257e+05,5.014143e+05,N
Aa1,264,4.415886e-07,5.045236e+05,4.999122e+05,N
Aa1,265,4.432575e-07,5.051127e+05,5.005014e+05,N
Aa1,266,4.449264e-07,5.045023e+05,4.998910e+05,N
Aa1,267,4.465953e-07,5.039896e+05,4.993782e+05,N
Aa1,268,4.482642e-07,5.034911e+05,4.988798e+05,N
Aa1,269,4.499331e-07,5.030051e+05,4.983938e+05,N
Aa1,270,4.516020e-07,5.018308e+05,4.972195e+05,N
Aa1,271,4.532709e-07,5.019296e+05,4.973182e+05,N
Aa1,272,4.549398e-07,5.015511e+05,4.969398e+05,N
Aa1,273,4.566087e-07,5.010816e+05,4.964703e+05,N
Aa1,274,4.582776e-07,5.006885e+05,4.960772e+05,N
Aa1,275,4.599465e-07,5.001537e+05,4.955424e+05,N
Aa1,276,4.616154e-07,4.997738e+05,4.951625e+05,N
Aa1,277,4.632843e-07,4.991837e+05,4.945723e+05,N
Aa1,278,4.649532e-07,4.986866e+05,4.940753e+05,N
Aa1,279,4.666221e-07,4.982111e+05,4.935998e+05,N
Aa1,280,4.682910e-07,4.977447e+05,4.931333e+05,N
Aa1,281,4.699599e-07,4.972842e+05,4.926729e+05,N
Aa1,282,4.716288e-07,4.968304e+05,4.922191e+05,N
Aa1,283,4.732977e-07,4.963952e+05,4.917839e+05,N
Aa1,284,4.749666e-07,4.957445e+05,4.911332e+05,N
Aa1,285,4.766355e-07,4.955143e+05,4.909029e+05,N
Aa1,286,4.783043e-07,4.950449e+05,4.904335e+05,N
Aa1,287,4.799732e-07,4.945961e+05,4.899847e+05,N
Aa1,288,4.816421e-07,4.941653e+05,4.895540e+05,N
Aa1,289,4.833110e-07,4.937748e+05,4.891635e+05,N
Aa1,290,4.849799e-07,4.932833e+05,4.886720e+05,N
Aa1,291,4.866488e-07,4.928831e+05,4.882718e+05,N
Aa1,292,4.883177e-07,4.924401e+05,4.878288e+05,N
Aa1,293,4.899866e-07,4.920134e+05,4.874021e+05,N
Aa1,294,4.916555e-07,4.915932e+05,4.869818e+05,N
Aa1,295,4.933244e-07,4.911769e+05,4.865656e+05,N
Aa1,296,4.949933e-07,4.907641e+05,4.861528e+05,N
Aa1,297,4.966622e-07,4.903551e+05,4.857437e+05,N
Aa1,298,4.983311e-07,4.899491e+05,4.853377e+05,N
Aa1,299,5.000000e-07,4.895464e+05,4.849351e+05,N
Ab1,0,1.000000e-09,5.977495e+04,5.516363e+04,N
Ab1,1,2.668896e-09,6.089680e+04,5.628548e+04,N
Ab1,2,4.337793e-09,6.371557e+04,5.910425e+04,N
Ab1,3,6.006689e-09,6.872153e+04,6.411020e+04,N
Ab1,4,7.675585e-09,7.361223e+04,6.900090e+04,N
Ab1,5,9.344482e-09,8.020915e+04,7.559782e+04,N
Ab1,6,1.101338e-08,8.665867e+04,8.204734e+04,N
Ab1,7,1.268227e-08,9.193906e+04,8.732774e+04,N
Ab1,8,1.435117e-08,2.125036e+05,2.078922e+05,N
Ab1,9,1.602007e-08,1.295914e+05,1.249801e+05,N
Ab1,10,1.768896e-08,1.364222e+05,1.318109e+05,N
Ab1,11,1.935786e-08,1.346119e+05,1.300006e+05,N
Ab1,12,2.102676e-08,1.375963e+05,1.329849e+05,N
Ab1,13,2.269565e-08,1.434932e+05,1.388819e+05,N
Ab1,14,2.436455e-08,1.510922e+05,1.464808e+05,N
Ab1,15,2.603344e-08,1.600240e+05,1.554126e+05,N
Ab1,16,2.770234e-08,1.701491e+05,1.655378e+05,N
Ab1,17,2.937124e-08,1.813237e+05,1.767124e+05,N
Ab1,18,3.104013e-08,1.929235e+05,1.883122e+05,N
Ab1,19,3.270903e-08,2.032761e+05,1.986647e+05,N
Ab1,20,3.437793e-08,2.201664e+05,2.155550e+05,N
Ab1,21,3.604682e-08,2.368123e+05,2.322009e+05,N
Ab1,22,3.771572e-08,2.509560e+05,2.463447e+05,N
Ab1,23,3.938462e-08,2.676689e+05,2.630576e+05,N
Ab1,24,4.105351e-08,2.817632e+05,2.771518e+05,N
Ab1,25,4.272241e-08,2.953388e+05,2.907275e+05,N
Ab1,26,4.439130e-08,3.569038e+05,3.522924e+05,N
Ab1,27,4.606020e-08,3.109002e+05,3.062889e+05,N
Ab1,28,4.772910e-08,3.226742e+05,3.180628e+05,N
Ab1,29,4.939799e-08,3.279741e+05,3.233628e+05,N
Ab1,30,5.106689e-08,3.305512e+05,3.259399e+05,N
Ab1,31,5.273579e-08,3.303913e+05,3.257800e+05,N
Ab1,32,5.440468e-08,3.278655e+05,3.232542e+05,N
Ab1,33,5.607358e-08,3.236735e+05,3.190622e+05,N
Ab1,34,5.774247e-08,3.164250e+05,3.118137e+05,N
Ab1,35,5.941137e-08,3.038948e+05,2.992834e+05,N
Ab1,36,6.108027e-08,2.913497e+05,2.867384e+05,N
Ab1,37,6.274916e-08,2.781936e+05,2.735822e+05,N
Ab1,38,6.441806e-08,2.643993e+05,2.597880e+05,N
Ab1,39,6.608696e-08,2.446520e+05,2.400406e+05,N
Ab1,40,6.775585e-08,2.266620e+05,2.220507e+05,N
Ab1,41,6.942475e-08,2.096724e+05,2.050611e+05,N
Ab1,42,7.109365e-08,1.923890e+05,1.877777e+05,N
Ab1,43,7.276254e-08,1.771130e+05,1.725017e+05,N
Ab1,44,7.443144e-08,1.639243e+05,1.593130e+05,N
Ab1,45,7.610033e-08,1.526753e+05,1.480640e+05,N
Ab1,46,7.776923e-08,1.441116e+05,1.395003e+05,N
Ab1,47,7.943813e-08,1.383073e+05,1.336960e+05,N
Ab1,48,8.110702e-08,1.409091e+05,1.362977e+05,N
Ab1,49,8.277592e-08,1.302179e+05,1.256066e+05,N
Ab1,50,8.444482e-08,1.271950e+05,1.225837e+05,N
Ab1,51,8.611371e-08,1.242813e+05,1.196700e+05,N
Ab1,52,8.778261e-08,1.212889e+05,1.166775e+05,N
Ab1,53,8.945151e-08,1.182748e+05,1.136635e+05,N
Ab1,54,9.112040e-08,1.154209e+05,1.108096e+05,N
Ab1,55,9.278930e-08,1.128390e+05,1.082277e+05,N
Ab1,56,9.445819e-08,1.105889e+05,1.059776e+05,N
Ab1,57,9.612709e-08,1.087557e+05,1.041443e+05,N
Ab1,58,9.779599e-08,1.073007e+05,1.026894e+05,N
Ab1,59,9.946488e-08,1.062529e+05,1.016416e+05,N
Ab1,60,1.011338e-07,1.056891e+05,1.010777e+05,N
Ab1,61,1.028027e-07,1.095610e+05,1.049497e+05,N
Ab1,62,1.044716e-07,1.055604e+05,1.009491e+05,N
Ab1,63,1.061405e-07,1.052148e+05,1.006035e+05,N
Ab1,64,1.078094e-07,1.055410e+05,1.009297e+05,N
Ab1,65,1.094783e-07,1.062401e+05,1.016288e+05,N
Ab1,66,1.111472e-07,1.062478e+05,1.016365e+05,N
Ab1,67,1.128161e-07,1.069514e+05,1.023400e+05,N
Ab1,68,1.144849e-07,1.071063e+05,1.024950e+05,N
Ab1,69,1.161538e-07,1.111107e+05,1.064994e+05,N
Ab1,70,1.178227e-07,1.070102e+05,1.023989e+05,N
Ab1,71,1.194916e-07,1.063503e+05,1.017390e+05,N
Ab1,72,1.211605e-07,1.036075e+05,9.899617e+04,N
Ab1,73,1.228294e-07,1.010842e+05,9.647289e+04,N
Ab1,74,1.244983e-07,1.047235e+05,1.001122e+05,N
Ab1,75,1.261672e-07,1.038977e+05,9.928636e+04,N
Ab1,76,1.278361e-07,9.931685e+04,9.470553e+04,N
Ab1,77,1.295050e-07,9.532110e+04,9.070978e+04,N
Ab1,78,1.311739e-07,1.011791e+05,9.656773e+04,N
Ab1,79,1.328428e-07,1.024690e+05,9.785762e+04,N
Ab1,80,1.345117e-07,1.022938e+05,9.768248e+04,N
Ab1,81,1.361806e-07,1.016683e+05,9.705701e+04,N
Ab1,82,1.378495e-07,1.008316e+05,9.622031e+04,N
Ab1,83,1.395184e-07,9.967972e+04,9.506839e+04,N
Ab1,84,1.411873e-07,9.817321e+04,9.356188e+04,N
Ab1,85,1.428562e-07,9.665068e+04,9.203936e+04,N
Ab1,86,1.445251e-07,9.523701e+04,9.062569e+04,N
Ab1,87,1.461940e-07,9.649392e+04,9.188260e+04,N
Ab1,88,1.478629e-07,1.493099e+05,1.446986e+05,N
Ab1,89,1.495318e-07,2.519419e+05,2.473306e+05,N
Ab1,90,1.512007e-07,2.287650e+05,2.241536e+05,N
Ab1,91,1.528696e-07,1.853756e+05,1.807643e+05,N
Ab1,92,1.545385e-07,1.549457e+05,1.503344e+05,N
Ab1,93,1.562074e-07,1.342058e+05,1.295945e+05,N
Ab1,94,1.578763e-07,1.223480e+05,1.177366e+05,N
Ab1,95,1.595452e-07,1.076721e+05,1.030607e+05,N
Ab1,96,1.612140e-07,1.019680e+05,9.735665e+04,N
Ab1,97,1.628829e-07,9.702896e+04,9.241763e+04,N
Ab1,98,1.645518e-07,9.238940e+04,8.777807e+04,N
Ab1,99,1.662207e-07,8.630156e+04,8.169023e+04,N
Ab1,100,1.678896e-07,7.227221e+04,6.766088e+04,N
Ab1,101,1.695585e-07,5.110451e+04,4.649318e+04,N
Ab1,102,1.712274e-07,6.735216e+04,6.274083e+04,N
Ab1,103,1.728963e-07,6.640770e+04,6.179637e+04,N
Ab1,104,1.745652e-07,6.247408e+04,5.786275e+04,N
Ab1,105,1.762341e-07,5.690377e+04,5.229244e+04,N
Ab1,106,1.779030e-07,5.162976e+04,4.701843e+04,N
Ab1,107,1.795719e-07,4.581079e+04,4.119946e+04,N
Ab1,108,1.812408e-07,4.095898e+04,3.634765e+04,N
Ab1,109,1.829097e-07,3.586203e+04,3.125070e+04,N
Ab1,110,1.845786e-07,3.100923e+04,2.639790e+04,N
Ab1,111,1.862475e-07,2.660761e+04,2.199628e+04,N
Ab1,112,1.879164e-07,2.250540e+04,1.789407e+04,N
Ab1,113,1.895853e-07,1.885787e+04,1.424654e+04,N
Ab1,114,1.912542e-07,1.567710e+04,1.106577e+04,N
Ab1,115,1.929231e-07,1.289507e+04,8.283746e+03,N
Ab1,116,1.945920e-07,1.045248e+04,5.841148e+03,N
Ab1,117,1.962609e-07,8.515643e+03,3.904315e+03,N
Ab1,118,1.979298e-07,6.988405e+03,2.377077e+03,N
Ab1,119,1.995987e-07,5.897363e+03,1.286036e+03,N
Ab1,120,2.012676e-07,5.154561e+03,5.432336e+02,N
Ab1,121,2.029365e-07,4.744591e+03,1.332631e+02,N
Ab1,122,2.046054e-07,4.611154e+03,-1.731474e-01,Y
Ab1,123,2.062742e-07,4.698271e+03,8.711689e+01,N
Ab1,124,2.079431e-07,4.954843e+03,3.436890e+02,N
Ab1,125,2.096120e-07,5.319858e+03,7.087040e+02,N
Ab1,126,2.112809e-07,5.781327e+03,1.170173e+03,N
Ab1,127,2.129498e-07,6.734011e+03,2.122856e+03,N
Ab1,128,2.146187e-07,6.537662e+03,1.926508e+03,N
Ab1,129,2.162876e-07,6.764467e+03,2.153313e+03,N
Ab1,130,2.179565e-07,6.893216e+03,2.282062e+03,N
Ab1,131,2.196254e-07,6.897285e+03,2.286131e+03,N
Ab1,132,2.212943e-07,6.775417e+03,2.164263e+03,N
Ab1,133,2.229632e-07,6.554371e+03,1.943217e+03,N
Ab1,134,2.246321e-07,6.260683e+03,1.649529e+03,N
Ab1,135,2.263010e-07,5.583277e+03,9.721224e+02,N
Ab1,136,2.279699e-07,6.599250e+03,1.988096e+03,N
Ab1,137,2.296388e-07,7.311937e+03,2.700783e+03,N
Ab1,138,2.313077e-07,8.695437e+03,4.084283e+03,N
Ab1,139,2.329766e-07,1.230096e+04,7.689808e+03,N
Ab1,140,2.346455e-07,1.887624e+04,1.426509e+04,N
Ab1,141,2.363144e-07,2.912408e+04,2.451293e+04,N
Ab1,142,2.379833e-07,4.238097e+04,3.776981e+04,N
Ab1,143,2.396522e-07,5.567771e+04,5.106656e+04,N
Ab1,144,2.413211e-07,6.442075e+04,5.980960e+04,N
Ab1,145,2.429900e-07,6.530372e+04,6.069256e+04,N
Ab1,146,2.446589e-07,5.993201e+04,5.532086e+04,N
Ab1,147,2.463278e-07,4.911890e+04,4.450774e+04,N
Ab1,148,2.479967e-07,3.911113e+04,3.449998e+04,N
Ab1,149,2.496656e-07,3.095797e+04,2.634681e+04,N
Ab1,150,2.513344e-07,2.520720e+04,2.059605e+04,N
Ab1,151,2.530033e-07,2.150367e+04,1.689252e+04,N
Ab1,152,2.546722e-07,1.930884e+04,1.469769e+04,N
Ab1,153,2.563411e-07,1.808946e+04,1.347831e+04,N
Ab1,154,2.580100e-07,1.741788e+04,1.280673e+04,N
Ab1,155,2.596789e-07,1.803954e+04,1.342838e+04,N
Ab1,156,2.613478e-07,1.692569e+04,1.231454e+04,N
Ab1,157,2.630167e-07,1.682451e+04,1.221336e+04,N
Ab1,158,2.646856e-07,1.672962e+04,1.211847e+04,N
Ab1,159,2.663545e-07,1.661800e+04,1.200684e+04,N
Ab1,160,2.680234e-07,1.647166e+04,1.186051e+04,N
Ab1,161,2.696923e-07,1.631116e+04,1.170000e+04,N
Ab1,162,2.713612e-07,1.611310e+04,1.150194e+04,N
Ab1,163,2.730301e-07,1.586763e+04,1.125647e+04,N
Ab1,164,2.746990e-07,1.566504e+04,1.105389e+04,N
Ab1,165,2.763679e-07,1.562111e+04,1.100996e+04,N
Ab1,166,2.780368e-07,1.737796e+04,1.276681e+04,N
Ab1,167,2.797057e-07,1.487805e+04,1.026689e+04,N
Ab1,168,2.813746e-07,1.453136e+04,9.920209e+03,N
Ab1,169,2.830435e-07,1.422597e+04,9.614811e+03,N
Ab1,170,2.847124e-07,1.392766e+04,9.316509e+03,N
Ab1,171,2.863813e-07,1.363338e+04,9.022223e+03,N
Ab1,172,2.880502e-07,1.334390e+04,8.732749e+03,N
Ab1,173,2.897191e-07,1.306386e+04,8.452707e+03,N
Ab1,174,2.913880e-07,1.291618e+04,8.305027e+03,N
Ab1,175,2.930569e-07,1.252708e+04,7.915923e+03,N
Ab1,176,2.947258e-07,1.223606e+04,7.624909e+03,N
Ab1,177,2.963946e-07,1.197202e+04,7.360863e+03,N
Ab1,178,2.980635e-07,1.171759e+04,7.106441e+03,N
Ab1,179,2.997324e-07,1.147154e+04,6.860385e+03,N
Ab1,180,3.014013e-07,1.123377e+04,6.622613e+03,N
Ab1,181,3.030702e-07,1.100444e+04,6.393285e+03,N
Ab1,182,3.047391e-07,1.078402e+04,6.172864e+03,N
Ab1,183,3.064080e-07,1.057481e+04,5.963652e+03,N
Ab1,184,3.080769e-07,1.041931e+04,5.808155e+03,N
Ab1,185,3.097458e-07,8.493212e+03,3.882058e+03,N
Ab1,186,3.114147e-07,9.977497e+03,5.366343e+03,N
Ab1,187,3.130836e-07,9.803211e+03,5.192057e+03,N
Ab1,188,3.147525e-07,9.632440e+03,5.021286e+03,N
Ab1,189,3.164214e-07,9.470005e+03,4.858850e+03,N
Ab1,190,3.180903e-07,9.316127e+03,4.704973e+03,N
Ab1,191,3.197592e-07,9.171205e+03,4.560051e+03,N
Ab1,192,3.214281e-07,9.037924e+03,4.426770e+03,N
Ab1,193,3.230970e-07,8.977413e+03,4.366259e+03,N
Ab1,194,3.247659e-07,8.809789e+03,4.198635e+03,N
Ab1,195,3.264348e-07,8.669922e+03,4.058768e+03,N
Ab1,196,3.281037e-07,8.560725e+03,3.949571e+03,N
Ab1,197,3.297726e-07,8.461290e+03,3.850136e+03,N
Ab1,198,3.314415e-07,8.369955e+03,3.758801e+03,N
Ab1,199,3.331104e-07,8.286317e+03,3.675163e+03,N
Ab1,200,3.347793e-07,8.210244e+03,3.599089e+03,N
Ab1,201,3.364482e-07,8.141834e+03,3.530679e+03,N
Ab1,202,3.381171e-07,8.082207e+03,3.471053e+03,N
Ab1,203,3.397860e-07,8.049784e+03,3.438630e+03,N
Ab1,204,3.414548e-07,7.976119e+03,3.364965e+03,N
Ab1,205,3.431237e-07,7.934945e+03,3.323791e+03,N
Ab1,206,3.447926e-07,7.900256e+03,3.289101e+03,N
Ab1,207,3.464615e-07,7.871870e+03,3.260716e+03,N
Ab1,208,3.481304e-07,7.850040e+03,3.238885e+03,N
Ab1,209,3.497993e-07,7.834523e+03,3.223369e+03,N
Ab1,210,3.514682e-07,7.825118e+03,3.213964e+03,N
Ab1,211,3.531371e-07,7.822003e+03,3.210849e+03,N
Ab1,212,3.548060e-07,7.855662e+03,3.244507e+03,N
Ab1,213,3.564749e-07,7.663097e+03,3.051942e+03,N
Ab1,214,3.581438e-07,7.825035e+03,3.213881e+03,N
Ab1,215,3.598127e-07,7.863313e+03,3.252159e+03,N
Ab1,216,3.614816e-07,7.892164e+03,3.281010e+03,N
Ab1,217,3.631505e-07,7.924288e+03,3.313134e+03,N
Ab1,218,3.648194e-07,7.961010e+03,3.349856e+03,N
Ab1,219,3.664883e-07,7.995769e+03,3.384614e+03,N
Ab1,220,3.681572e-07,8.049742e+03,3.438588e+03,N
Ab1,221,3.698261e-07,8.102938e+03,3.491784e+03,N
Ab1,222,3.714950e-07,8.168752e+03,3.557598e+03,N
Ab1,223,3.731639e-07,8.246910e+03,3.635755e+03,N
Ab1,224,3.748328e-07,8.288781e+03,3.677627e+03,N
Ab1,225,3.765017e-07,8.355610e+03,3.744456e+03,N
Ab1,226,3.781706e-07,8.429708e+03,3.818553e+03,N
Ab1,227,3.798395e-07,8.508709e+03,3.897554e+03,N
Ab1,228,3.815084e-07,8.592454e+03,3.981299e+03,N
Ab1,229,3.831773e-07,8.681507e+03,4.070352e+03,N
Ab1,230,3.848462e-07,8.779093e+03,4.167939e+03,N
Ab1,231,3.865151e-07,8.944453e+03,4.333299e+03,N
Ab1,232,3.881839e-07,9.822601e+03,5.211446e+03,N
Ab1,233,3.898528e-07,9.094333e+03,4.483179e+03,N
Ab1,234,3.915217e-07,9.178785e+03,4.567631e+03,N
Ab1,235,3.931906e-07,9.283812e+03,4.672658e+03,N
Ab1,236,3.948595e-07,9.395156e+03,4.784001e+03,N
Ab1,237,3.965284e-07,9.510834e+03,4.899679e+03,N
Ab1,238,3.981973e-07,9.640341e+03,5.029186e+03,N
Ab1,239,3.998662e-07,9.752818e+03,5.141664e+03,N
Ab1,240,4.015351e-07,9.879218e+03,5.268063e+03,N
Ab1,241,4.032040e-07,1.001654e+04,5.405389e+03,N
Ab1,242,4.048729e-07,1.015928e+04,5.548130e+03,N
Ab1,243,4.065418e-07,1.027500e+04,5.663849e+03,N
Ab1,244,4.082107e-07,1.040959e+04,5.798439e+03,N
Ab1,245,4.098796e-07,1.054870e+04,5.937549e+03,N
Ab1,246,4.115485e-07,1.069066e+04,6.079507e+03,N
Ab1,247,4.132174e-07,1.083510e+04,6.223946e+03,N
Ab1,248,4.148863e-07,1.098173e+04,6.370577e+03,N
Ab1,249,4.165552e-07,1.113054e+04,6.519388e+03,N
Ab1,250,4.182241e-07,1.133812e+04,6.726966e+03,N
Ab1,251,4.198930e-07,1.103281e+04,6.421652e+03,N
Ab1,252,4.215619e-07,1.158171e+04,6.970553e+03,N
Ab1,253,4.232308e-07,1.174920e+04,7.138046e+03,N
Ab1,254,4.248997e-07,1.191145e+04,7.300294e+03,N
Ab1,255,4.265686e-07,1.207438e+04,7.463223e+03,N
Ab1,256,4.282375e-07,1.223876e+04,7.627607e+03,N
Ab1,257,4.299064e-07,1.237742e+04,7.766271e+03,N
Ab1,258,4.315753e-07,1.257304e+04,7.961885e+03,N
Ab1,259,4.332441e-07,1.274383e+04,8.132680e+03,N
Ab1,260,4.349130e-07,1.292734e+04,8.316188e+03,N
Ab1,261,4.365819e-07,1.311038e+04,8.499223e+03,N
Ab1,262,4.382508e-07,1.326197e+04,8.650816e+03,N
Ab1,263,4.399197e-07,1.343525e+04,8.824098e+03,N
Ab1,264,4.415886e-07,1.361144e+04,9.000281e+03,N
Ab1,265,4.432575e-07,1.378927e+04,9.178112e+03,N
Ab1,266,4.449264e-07,1.396850e+04,9.357342e+03,N
Ab1,267,4.465953e-07,1.414912e+04,9.537963e+03,N
Ab1,268,4.482642e-07,1.433188e+04,9.720727e+03,N
Ab1,269,4.499331e-07,1.468804e+04,1.007689e+04,N
Ab1,270,4.516020e-07,1.469678e+04,1.008562e+04,N
Ab1,271,4.532709e-07,1.488054e+04,1.026939e+04,N
Ab1,272,4.549398e-07,1.506417e+04,1.045302e+04,N
Ab1,273,4.566087e-07,1.524568e+04,1.063453e+04,N
Ab1,274,4.582776e-07,1.542437e+04,1.081322e+04,N
Ab1,275,4.599465e-07,1.561461e+04,1.100345e+04,N
Ab1,276,4.616154e-07,1.580813e+04,1.119698e+04,N
Ab1,277,4.632843e-07,1.600545e+04,1.139429e+04,N
Ab1,278,4.649532e-07,1.619979e+04,1.158863e+04,N
Ab1,279,4.666221e-07,1.640006e+04,1.178891e+04,N
Ab1,280,4.682910e-07,1.659573e+04,1.198458e+04,N
Ab1,281,4.699599e-07,1.677895e+04,1.216779e+04,N
Ab1,282,4.716288e-07,1.697135e+04,1.236020e+04,N
Ab1,283,4.732977e-07,1.716510e+04,1.255394e+04,N
Ab1,284,4.749666e-07,1.735949e+04,1.274834e+04,N
Ab1,285,4.766355e-07,1.755446e+04,1.294330e+04,N
Ab1,286,4.783043e-07,1.775021e+04,1.313906e+04,N
Ab1,287,4.799732e-07,1.794869e+04,1.333753e+04,N
Ab1,288,4.816421e-07,1.819727e+04,1.358611e+04,N
Ab1,289,4.833110e-07,1.833960e+04,1.372845e+04,N
Ab1,290,4.849799e-07,1.853444e+04,1.392329e+04,N
Ab1,291,4.866488e-07,1.873087e+04,1.411972e+04,N
Ab1,292,4.883177e-07,1.892779e+04,1.431663e+04,N
Ab1,293,4.899866e-07,1.912499e+04,1.451383e+04,N
Ab1,294,4.916555e-07,1.932240e+04,1.471125e+04,N
Ab1,295,4.933244e-07,1.952000e+04,1.490885e+04,N
Ab1,296,4.949933e-07,1.971779e+04,1.510664e+04,N
Ab1,297,4.966622e-07,1.991595e+04,1.530480e+04,N
Ab1,298,4.983311e-07,2.011635e+04,1.550520e+04,N
Ab1,299,5.000000e-07,2.033225e+04,1.572110e+04,N
Aa2,0,1.000000e-09,2.481532e+05,2.435421e+05,N
Aa2,1,2.668896e-09,2.537728e+05,2.491617e+05,N
Aa2,2,4.337793e-09,2.395418e+05,2.349307e+05,N
Aa2,3,6.006689e-09,2.296501e+05,2.250389e+05,N
Aa2,4,7.675585e-09,2.209401e+05,2.163289e+05,N
Aa2,5,9.344482e-09,2.117504e+05,2.071393e+05,N
Aa2,6,1.101338e-08,2.016270e+05,1.970158e+05,N
Aa2,7,1.268227e-08,1.905572e+05,1.859461e+05,N
Aa2,8,1.435117e-08,1.786446e+05,1.740335e+05,N
Aa2,9,1.602007e-08,1.659875e+05,1.613764e+05,N
Aa2,10,1.768896e-08,1.525173e+05,1.479061e+05,N
Aa2,11,1.935786e-08,1.383343e+05,1.337231e+05,N
Aa2,12,2.102676e-08,1.235455e+05,1.189344e+05,N
Aa2,13,2.269565e-08,1.086796e+05,1.040684e+05,N
Aa2,14,2.436455e-08,9.494562e+04,9.033446e+04,N
Aa2,15,2.603344e-08,8.383279e+04,7.922163e+04,N
Aa2,16,2.770234e-08,6.585418e+04,6.124303e+04,N
Aa2,17,2.937124e-08,5.423871e+04,4.962755e+04,N
Aa2,18,3.104013e-08,4.581120e+04,4.120004e+04,N
Aa2,19,3.270903e-08,4.568676e+04,4.107561e+04,N
Aa2,20,3.437793e-08,6.350681e+04,5.889565e+04,N
Aa2,21,3.604682e-08,1.219814e+05,1.173702e+05,N
Aa2,22,3.771572e-08,1.113611e+05,1.067500e+05,N
Aa2,23,3.938462e-08,5.116129e+04,4.655014e+04,N
Aa2,24,4.105351e-08,9.156974e+04,8.695858e+04,N
Aa2,25,4.272241e-08,8.957781e+04,8.496665e+04,N
Aa2,26,4.439130e-08,4.533421e+04,4.072305e+04,N
Aa2,27,4.606020e-08,1.141618e+04,6.805025e+03,N
Aa2,28,4.772910e-08,4.807167e+03,1.960130e+02,N
Aa2,29,4.939799e-08,1.039234e+04,5.781190e+03,N
Aa2,30,5.106689e-08,1.750597e+04,1.289482e+04,N
Aa2,31,5.273579e-08,2.328091e+04,1.866976e+04,N
Aa2,32,5.440468e-08,2.752010e+04,2.290895e+04,N
Aa2,33,5.607358e-08,3.008073e+04,2.546958e+04,N
Aa2,34,5.774247e-08,3.241378e+04,2.780262e+04,N
Aa2,35,5.941137e-08,3.380653e+04,2.919537e+04,N
Aa2,36,6.108027e-08,3.479132e+04,3.018017e+04,N
Aa2,37,6.274916e-08,3.414824e+04,2.953708e+04,N
Aa2,38,6.441806e-08,3.662758e+04,3.201643e+04,N
Aa2,39,6.608696e-08,3.759660e+04,3.298544e+04,N
Aa2,40,6.775585e-08,3.950096e+04,3.488981e+04,N
Aa2,41,6.942475e-08,4.107315e+04,3.646199e+04,N
Aa2,42,7.109365e-08,4.325053e+04,3.863937e+04,N
Aa2,43,7.276254e-08,4.578177e+04,4.117062e+04,N
Aa2,44,7.443144e-08,5.107810e+04,4.646695e+04,N
Aa2,45,7.610033e-08,5.188509e+04,4.727394e+04,N
Aa2,46,7.776923e-08,5.519535e+04,5.058420e+04,N
Aa2,47,7.943813e-08,5.894752e+04,5.433636e+04,N
Aa2,48,8.110702e-08,6.301512e+04,5.840397e+04,N
Aa2,49,8.277592e-08,6.744505e+04,6.283390e+04,N
Aa2,50,8.444482e-08,7.314667e+04,6.853551e+04,N
Aa2,51,8.611371e-08,8.691057e+04,8.229942e+04,N
Aa2,52,8.778261e-08,8.201251e+04,7.740136e+04,N
Aa2,53,8.945151e-08,8.652435e+04,8.191320e+04,N
Aa2,54,9.112040e-08,9.166672e+04,8.705556e+04,N
Aa2,55,9.278930e-08,9.701874e+04,9.240759e+04,N
Aa2,56,9.445819e-08,1.025943e+05,9.798311e+04,N
Aa2,57,9.612709e-08,1.087424e+05,1.041313e+05,N
Aa2,58,9.779599e-08,1.168586e+05,1.122475e+05,N
Aa2,59,9.946488e-08,1.291922e+05,1.245811e+05,N
Aa2,60,1.011338e-07,1.265779e+05,1.219667e+05,N
Aa2,61,1.028027e-07,1.309758e+05,1.263646e+05,N
Aa2,62,1.044716e-07,1.362033e+05,1.315921e+05,N
Aa2,63,1.061405e-07,1.424382e+05,1.378270e+05,N
Aa2,64,1.078094e-07,1.476446e+05,1.430335e+05,N
Aa2,65,1.094783e-07,1.533242e+05,1.487131e+05,N
Aa2,66,1.111472e-07,1.589794e+05,1.543683e+05,N
Aa2,67,1.128161e-07,1.646667e+05,1.600555e+05,N
Aa2,68,1.144849e-07,1.703153e+05,1.657042e+05,N
Aa2,69,1.161538e-07,1.758850e+05,1.712738e+05,N
Aa2,70,1.178227e-07,1.822138e+05,1.776027e+05,N
Aa2,71,1.194916e-07,1.868430e+05,1.822318e+05,N
Aa2,72,1.211605e-07,1.922918e+05,1.876806e+05,N
Aa2,73,1.228294e-07,2.016283e+05,1.970171e+05,N
Aa2,74,1.244983e-07,2.028630e+05,1.982519e+05,N
Aa2,75,1.261672e-07,2.079274e+05,2.033162e+05,N
Aa2,76,1.278361e-07,2.127730e+05,2.081619e+05,N
Aa2,77,1.295050e-07,2.176350e+05,2.130238e+05,N
Aa2,78,1.311739e-07,2.223829e+05,2.177718e+05,N
Aa2,79,1.328428e-07,2.270059e+05,2.223947e+05,N
Aa2,80,1.345117e-07,2.314995e+05,2.268884e+05,N
Aa2,81,1.361806e-07,2.357838e+05,2.311726e+05,N
Aa2,82,1.378495e-07,2.398551e+05,2.352440e+05,N
Aa2,83,1.395184e-07,2.439886e+05,2.393774e+05,N
Aa2,84,1.411873e-07,2.478912e+05,2.432800e+05,N
Aa2,85,1.428562e-07,2.515884e+05,2.469773e+05,N
Aa2,86,1.445251e-07,2.544711e+05,2.498599e+05,N
Aa2,87,1.461940e-07,2.582079e+05,2.535967e+05,N
Aa2,88,1.478629e-07,2.612038e+05,2.565927e+05,N
Aa2,89,1.495318e-07,2.635588e+05,2.589476e+05,N
Aa2,90,1.512007e-07,2.675848e+05,2.629737e+05,N
Aa2,91,1.528696e-07,2.693132e+05,2.647021e+05,N
Aa2,92,1.545385e-07,2.709324e+05,2.663212e+05,N
Aa2,93,1.562074e-07,2.725944e+05,2.679832e+05,N
Aa2,94,1.578763e-07,2.744675e+05,2.698563e+05,N
Aa2,95,1.595452e-07,2.752138e+05,2.706026e+05,N
Aa2,96,1.612140e-07,2.760686e+05,2.714574e+05,N
Aa2,97,1.628829e-07,2.766612e+05,2.720500e+05,N
Aa2,98,1.645518e-07,2.769720e+05,2.723608e+05,N
Aa2,99,1.662207e-07,2.770297e+05,2.724186e+05,N
Aa2,100,1.678896e-07,2.768349e+05,2.722237e+05,N
Aa2,101,1.695585e-07,2.764208e+05,2.718096e+05,N
Aa2,102,1.712274e-07,2.758246e+05,2.712134e+05,N
Aa2,103,1.728963e-07,2.751698e+05,2.705586e+05,N
Aa2,104,1.745652e-07,2.744912e+05,2.698800e+05,N
Aa2,105,1.762341e-07,2.739369e+05,2.693258e+05,N
Aa2,106,1.779030e-07,2.736567e+05,2.690455e+05,N
Aa2,107,1.795719e-07,2.739956e+05,2.693844e+05,N
Aa2,108,1.812408e-07,2.751943e+05,2.705832e+05,N
Aa2,109,1.829097e-07,2.775608e+05,2.729496e+05,N
Aa2,110,1.845786e-07,2.820030e+05,2.773918e+05,N
Aa2,111,1.862475e-07,2.903283e+05,2.857172e+05,N
Aa2,112,1.879164e-07,3.021167e+05,2.975056e+05,N
Aa2,113,1.895853e-07,3.045864e+05,2.999753e+05,N
Aa2,114,1.912542e-07,2.999665e+05,2.953553e+05,N
Aa2,115,1.929231e-07,2.998592e+05,2.952481e+05,N
Aa2,116,1.945920e-07,3.039454e+05,2.993342e+05,N
Aa2,117,1.962609e-07,3.106511e+05,3.060399e+05,N
Aa2,118,1.979298e-07,3.192600e+05,3.146489e+05,N
Aa2,119,1.995987e-07,3.294360e+05,3.248248e+05,N
Aa2,120,2.012676e-07,3.410618e+05,3.364507e+05,N
Aa2,121,2.029365e-07,3.541383e+05,3.495271e+05,N
Aa2,122,2.046054e-07,3.688402e+05,3.642291e+05,N
Aa2,123,2.062742e-07,3.854139e+05,3.808028e+05,N
Aa2,124,2.079431e-07,4.035811e+05,3.989699e+05,N
Aa2,125,2.096120e-07,4.210179e+05,4.164068e+05,N
Aa2,126,2.112809e-07,4.450803e+05,4.404691e+05,N
Aa2,127,2.129498e-07,4.563071e+05,4.516959e+05,N
Aa2,128,2.146187e-07,4.755150e+05,4.709038e+05,N
Aa2,129,2.162876e-07,4.953731e+05,4.907619e+05,N
Aa2,130,2.179565e-07,5.146663e+05,5.100552e+05,N
Aa2,131,2.196254e-07,5.327386e+05,5.281275e+05,N
Aa2,132,2.212943e-07,5.491794e+05,5.445683e+05,N
Aa2,133,2.229632e-07,5.637798e+05,5.591686e+05,N
Aa2,134,2.246321e-07,5.767213e+05,5.721101e+05,N
Aa2,135,2.263010e-07,5.883639e+05,5.837527e+05,N
Aa2,136,2.279699e-07,5.990724e+05,5.944613e+05,N
Aa2,137,2.296388e-07,6.089199e+05,6.043088e+05,N
Aa2,138,2.313077e-07,6.193449e+05,6.147338e+05,N
Aa2,139,2.329766e-07,6.207557e+05,6.161446e+05,N
Aa2,140,2.346455e-07,6.393085e+05,6.346973e+05,N
Aa2,141,2.363144e-07,6.494038e+05,6.447927e+05,N
Aa2,142,2.379833e-07,6.597135e+05,6.551024e+05,N
Aa2,143,2.396522e-07,6.704519e+05,6.658408e+05,N
Aa2,144,2.413211e-07,6.817611e+05,6.771499e+05,N
Aa2,145,2.429900e-07,6.935037e+05,6.888925e+05,N
Aa2,146,2.446589e-07,7.052037e+05,7.005925e+05,N
Aa2,147,2.463278e-07,7.157979e+05,7.111867e+05,N
Aa2,148,2.479967e-07,7.235670e+05,7.189558e+05,N
Aa2,149,2.496656e-07,7.200669e+05,7.154557e+05,N
Aa2,150,2.513344e-07,7.323983e+05,7.277871e+05,N
Aa2,151,2.530033e-07,7.339118e+05,7.293006e+05,N
Aa2,152,2.546722e-07,7.325137e+05,7.279026e+05,N
Aa2,153,2.563411e-07,7.291162e+05,7.245051e+05,N
Aa2,154,2.580100e-07,7.249734e+05,7.203623e+05,N
Aa2,155,2.596789e-07,7.209872e+05,7.163760e+05,N
Aa2,156,2.613478e-07,7.174835e+05,7.128723e+05,N
Aa2,157,2.630167e-07,7.147408e+05,7.101297e+05,N
Aa2,158,2.646856e-07,7.125132e+05,7.079021e+05,N
Aa2,159,2.663545e-07,7.108954e+05,7.062843e+05,N
Aa2,160,2.680234e-07,7.096645e+05,7.050533e+05,N
Aa2,161,2.696923e-07,7.080157e+05,7.034045e+05,N
Aa2,162,2.713612e-07,7.083156e+05,7.037044e+05,N
Aa2,163,2.730301e-07,7.080940e+05,7.034829e+05,N
Aa2,164,2.746990e-07,7.078631e+05,7.032519e+05,N
Aa2,165,2.763679e-07,7.076924e+05,7.030812e+05,N
Aa2,166,2.780368e-07,7.079317e+05,7.033205e+05,N
Aa2,167,2.797057e-07,7.079753e+05,7.033641e+05,N
Aa2,168,2.813746e-07,7.007970e+05,6.961859e+05,N
Aa2,169,2.830435e-07,7.072078e+05,7.025967e+05,N
Aa2,170,2.847124e-07,7.062538e+05,7.016426e+05,N
Aa2,171,2.863813e-07,7.057020e+05,7.010909e+05,N
Aa2,172,2.880502e-07,7.048802e+05,7.002691e+05,N
Aa2,173,2.897191e-07,7.040458e+05,6.994347e+05,N
Aa2,174,2.913880e-07,7.031047e+05,6.984935e+05,N
Aa2,175,2.930569e-07,7.022939e+05,6.976827e+05,N
Aa2,176,2.947258e-07,7.008422e+05,6.962310e+05,N
Aa2,177,2.963946e-07,6.995184e+05,6.949072e+05,N
Aa2,178,2.980635e-07,6.981321e+05,6.935209e+05,N
Aa2,179,2.997324e-07,6.971831e+05,6.925719e+05,N
Aa2,180,3.014013e-07,6.950402e+05,6.904291e+05,N
Aa2,181,3.030702e-07,6.933272e+05,6.887161e+05,N
Aa2,182,3.047391e-07,6.915140e+05,6.869028e+05,N
Aa2,183,3.064080e-07,6.892968e+05,6.846857e+05,N
Aa2,184,3.080769e-07,6.873481e+05,6.827370e+05,N
Aa2,185,3.097458e-07,6.857460e+05,6.811348e+05,N
Aa2,186,3.114147e-07,6.841247e+05,6.795135e+05,N
Aa2,187,3.130836e-07,6.802641e+05,6.756530e+05,N
Aa2,188,3.147525e-07,6.794908e+05,6.748796e+05,N
Aa2,189,3.164214e-07,6.771103e+05,6.724992e+05,N
Aa2,190,3.180903e-07,6.749130e+05,6.703019e+05,N
Aa2,191,3.197592e-07,6.724758e+05,6.678647e+05,N
Aa2,192,3.214281e-07,6.701293e+05,6.655181e+05,N
Aa2,193,3.230970e-07,6.678558e+05,6.632446e+05,N
Aa2,194,3.247659e-07,6.653790e+05,6.607679e+05,N
Aa2,195,3.264348e-07,6.629717e+05,6.583605e+05,N
Aa2,196,3.281037e-07,6.605568e+05,6.559456e+05,N
Aa2,197,3.297726e-07,6.581628e+05,6.535517e+05,N
Aa2,198,3.314415e-07,6.557090e+05,6.510979e+05,N
Aa2,199,3.331104e-07,6.532702e+05,6.486590e+05,N
Aa2,200,3.347793e-07,6.508634e+05,6.462522e+05,N
Aa2,201,3.364482e-07,6.484649e+05,6.438537e+05,N
Aa2,202,3.381171e-07,6.460558e+05,6.414447e+05,N
Aa2,203,3.397860e-07,6.378040e+05,6.331929e+05,N
Aa2,204,3.414548e-07,6.415587e+05,6.369476e+05,N
Aa2,205,3.431237e-07,6.383794e+05,6.337683e+05,N
Aa2,206,3.447926e-07,6.371348e+05,6.325236e+05,N
Aa2,207,3.464615e-07,6.341216e+05,6.295104e+05,N
Aa2,208,3.481304e-07,6.315808e+05,6.269697e+05,N
Aa2,209,3.497993e-07,6.291157e+05,6.245046e+05,N
Aa2,210,3.514682e-07,6.258390e+05,6.212278e+05,N
Aa2,211,3.531371e-07,6.081991e+05,6.035879e+05,N
Aa2,212,3.548060e-07,6.199132e+05,6.153021e+05,N
Aa2,213,3.564749e-07,6.150770e+05,6.104658e+05,N
Aa2,214,3.581438e-07,5.848790e+05,5.802679e+05,N
Aa2,215,3.598127e-07,5.784168e+05,5.738056e+05,N
Aa2,216,3.614816e-07,6.080856e+05,6.034745e+05,N
Aa2,217,3.631505e-07,6.150666e+05,6.104554e+05,N
Aa2,218,3.648194e-07,6.086922e+05,6.040811e+05,N
Aa2,219,3.664883e-07,6.071504e+05,6.025393e+05,N
Aa2,220,3.681572e-07,6.066502e+05,6.020390e+05,N
Aa2,221,3.698261e-07,6.030112e+05,5.984001e+05,N
Aa2,222,3.714950e-07,6.012017e+05,5.965905e+05,N
Aa2,223,3.731639e-07,5.998642e+05,5.952531e+05,N
Aa2,224,3.748328e-07,5.964834e+05,5.918722e+05,N
Aa2,225,3.765017e-07,5.931324e+05,5.885213e+05,N
Aa2,226,3.781706e-07,5.938111e+05,5.892000e+05,N
Aa2,227,3.798395e-07,5.862306e+05,5.816194e+05,N
Aa2,228,3.815084e-07,5.887456e+05,5.841344e+05,N
Aa2,229,3.831773e-07,5.890421e+05,5.844309e+05,N
Aa2,230,3.848462e-07,5.881502e+05,5.835391e+05,N
Aa2,231,3.865151e-07,5.856282e+05,5.810171e+05,N
Aa2,232,3.881839e-07,5.840864e+05,5.794753e+05,N
Aa2,233,3.898528e-07,5.824069e+05,5.777958e+05,N
Aa2,234,3.915217e-07,5.800628e+05,5.754516e+05,N
Aa2,235,3.931906e-07,5.788530e+05,5.742419e+05,N
Aa2,236,3.948595e-07,5.764448e+05,5.718336e+05,N
Aa2,237,3.965284e-07,5.746592e+05,5.700480e+05,N
Aa2,238,3.981973e-07,5.730773e+05,5.684662e+05,N
Aa2,239,3.998662e-07,5.712848e+05,5.666736e+05,N
Aa2,240,4.015351e-07,5.693040e+05,5.646928e+05,N
Aa2,241,4.032040e-07,5.682598e+05,5.636486e+05,N
Aa2,242,4.048729e-07,5.640504e+05,5.594392e+05,N
Aa2,243,4.065418e-07,5.651457e+05,5.605346e+05,N
Aa2,244,4.082107e-07,5.636427e+05,5.590316e+05,N
Aa2,245,4.098796e-07,5.621416e+05,5.575304e+05,N
Aa2,246,4.115485e-07,5.606898e+05,5.560786e+05,N
Aa2,247,4.132174e-07,5.592835e+05,5.546723e+05,N
Aa2,248,4.148863e-07,5.578805e+05,5.532693e+05,N
Aa2,249,4.165552e-07,5.565446e+05,5.519335e+05,N
Aa2,250,4.182241e-07,5.551801e+05,5.505689e+05,N
Aa2,251,4.198930e-07,5.538524e+05,5.492413e+05,N
Aa2,252,4.215619e-07,5.525530e+05,5.479418e+05,N
Aa2,253,4.232308e-07,5.512708e+05,5.466596e+05,N
Aa2,254,4.248997e-07,5.500101e+05,5.453989e+05,N
Aa2,255,4.265686e-07,5.487824e+05,5.441712e+05,N
Aa2,256,4.282375e-07,5.475493e+05,5.429381e+05,N
Aa2,257,4.299064e-07,5.463457e+05,5.417346e+05,N
Aa2,258,4.315753e-07,5.449515e+05,5.403404e+05,N
Aa2,259,4.332441e-07,5.441202e+05,5.395090e+05,N
Aa2,260,4.349130e-07,5.428925e+05,5.382813e+05,N
Aa2,261,4.365819e-07,5.420332e+05,5.374221e+05,N
Aa2,262,4.382508e-07,5.406683e+05,5.360571e+05,N
Aa2,263,4.399197e-07,5.395319e+05,5.349208e+05,N
Aa2,264,4.415886e-07,5.384390e+05,5.338278e+05,N
Aa2,265,4.432575e-07,5.373745e+05,5.327634e+05,N
Aa2,266,4.449264e-07,5.363210e+05,5.317099e+05,N
Aa2,267,4.465953e-07,5.352908e+05,5.306796e+05,N
Aa2,268,4.482642e-07,5.342771e+05,5.296659e+05,N
Aa2,269,4.499331e-07,5.332816e+05,5.286704e+05,N
Aa2,270,4.516020e-07,5.323102e+05,5.276990e+05,N
Aa2,271,4.532709e-07,5.313575e+05,5.267464e+05,N
Aa2,272,4.549398e-07,5.305220e+05,5.259109e+05,N
Aa2,273,4.566087e-07,5.294890e+05,5.248779e+05,N
Aa2,274,4.582776e-07,5.285874e+05,5.239762e+05,N
Aa2,275,4.599465e-07,5.278340e+05,5.232229e+05,N
Aa2,276,4.616154e-07,5.336583e+05,5.290471e+05,N
Aa2,277,4.632843e-07,5.264816e+05,5.218704e+05,N
Aa2,278,4.649532e-07,5.253092e+05,5.206980e+05,N
Aa2,279,4.666221e-07,5.231398e+05,5.185287e+05,N
Aa2,280,4.682910e-07,5.233246e+05,5.187135e+05,N
Aa2,281,4.699599e-07,5.224565e+05,5.178453e+05,N
Aa2,282,4.716288e-07,5.216452e+05,5.170341e+05,N
Aa2,283,4.732977e-07,5.207830e+05,5.161719e+05,N
Aa2,284,4.749666e-07,5.199865e+05,5.153753e+05,N
Aa2,285,4.766355e-07,5.192104e+05,5.145992e+05,N
Aa2,286,4.783043e-07,5.184447e+05,5.138336e+05,N
Aa2,287,4.799732e-07,5.176719e+05,5.130607e+05,N
Aa2,288,4.816421e-07,5.169569e+05,5.123457e+05,N
Aa2,289,4.833110e-07,5.161868e+05,5.115756e+05,N
Aa2,290,4.849799e-07,5.154432e+05,5.108320e+05,N
Aa2,291,4.866488e-07,5.147165e+05,5.101054e+05,N
Aa2,292,4.883177e-07,5.139881e+05,5.093770e+05,N
Aa2,293,4.899866e-07,5.131973e+05,5.085861e+05,N
Aa2,294,4.916555e-07,5.020440e+05,4.974329e+05,N
Aa2,295,4.933244e-07,5.117079e+05,5.070967e+05,N
Aa2,296,4.949933e-07,5.113417e+05,5.067306e+05,N
Aa2,297,4.966622e-07,5.024246e+05,4.978135e+05,N
Aa2,298,4.983311e-07,5.101249e+05,5.055138e+05,N
Aa2,299,5.000000e-07,5.093862e+05,5.047750e+05,N
Ab2,0,1.000000e-09,2.005073e+05,1.958962e+05,N
Ab2,1,2.668896e-09,2.090619e+05,2.044508e+05,N
Ab2,2,4.337793e-09,2.194324e+05,2.148213e+05,N
Ab2,3,6.006689e-09,2.351448e+05,2.305337e+05,N
Ab2,4,7.675585e-09,2.459717e+05,2.413605e+05,N
Ab2,5,9.344482e-09,2.590964e+05,2.544853e+05,N
Ab2,6,1.101338e-08,2.763176e+05,2.717065e+05,N
Ab2,7,1.268227e-08,2.928315e+05,2.882204e+05,N
Ab2,8,1.435117e-08,3.095907e+05,3.049796e+05,N
Ab2,9,1.602007e-08,3.262280e+05,3.216168e+05,N
Ab2,10,1.768896e-08,3.423198e+05,3.377086e+05,N
Ab2,11,1.935786e-08,3.574070e+05,3.527959e+05,N
Ab2,12,2.102676e-08,3.710843e+05,3.664731e+05,N
Ab2,13,2.269565e-08,3.832469e+05,3.786357e+05,N
Ab2,14,2.436455e-08,3.904210e+05,3.858099e+05,N
Ab2,15,2.603344e-08,3.816146e+05,3.770034e+05,N
Ab2,16,2.770234e-08,4.049468e+05,4.003356e+05,N
Ab2,17,2.937124e-08,4.200408e+05,4.154297e+05,N
Ab2,18,3.104013e-08,4.115793e+05,4.069682e+05,N
Ab2,19,3.270903e-08,3.971650e+05,3.925538e+05,N
Ab2,20,3.437793e-08,3.854926e+05,3.808815e+05,N
Ab2,21,3.604682e-08,3.697199e+05,3.651087e+05,N
Ab2,22,3.771572e-08,3.525264e+05,3.479152e+05,N
Ab2,23,3.938462e-08,3.263763e+05,3.217652e+05,N
Ab2,24,4.105351e-08,2.996759e+05,2.950648e+05,N
Ab2,25,4.272241e-08,2.684646e+05,2.638534e+05,N
Ab2,26,4.439130e-08,2.390582e+05,2.344471e+05,N
Ab2,27,4.606020e-08,2.098280e+05,2.052169e+05,N
Ab2,28,4.772910e-08,1.896581e+05,1.850469e+05,N
Ab2,29,4.939799e-08,1.775542e+05,1.729430e+05,N
Ab2,30,5.106689e-08,1.761801e+05,1.715689e+05,N
Ab2,31,5.273579e-08,1.826165e+05,1.780054e+05,N
Ab2,32,5.440468e-08,1.916878e+05,1.870766e+05,N
Ab2,33,5.607358e-08,2.164898e+05,2.118786e+05,N
Ab2,34,5.774247e-08,2.092607e+05,2.046496e+05,N
Ab2,35,5.941137e-08,2.141358e+05,2.095247e+05,N
Ab2,36,6.108027e-08,2.206003e+05,2.159891e+05,N
Ab2,37,6.274916e-08,2.288318e+05,2.242206e+05,N
Ab2,38,6.441806e-08,2.350019e+05,2.303907e+05,N
Ab2,39,6.608696e-08,2.363755e+05,2.317644e+05,N
Ab2,40,6.775585e-08,2.317519e+05,2.271408e+05,N
Ab2,41,6.942475e-08,2.218964e+05,2.172853e+05,N
Ab2,42,7.109365e-08,2.087519e+05,2.041408e+05,N
Ab2,43,7.276254e-08,1.945740e+05,1.899629e+05,N
Ab2,44,7.443144e-08,1.809070e+05,1.762958e+05,N
Ab2,45,7.610033e-08,1.595908e+05,1.549796e+05,N
Ab2,46,7.776923e-08,1.443429e+05,1.397317e+05,N
Ab2,47,7.943813e-08,1.316982e+05,1.270870e+05,N
Ab2,48,8.110702e-08,1.308624e+05,1.262512e+05,N
Ab2,49,8.277592e-08,1.273018e+05,1.226906e+05,N
Ab2,50,8.444482e-08,1.210280e+05,1.164168e+05,N
Ab2,51,8.611371e-08,1.007747e+05,9.616352e+04,N
Ab2,52,8.778261e-08,2.085999e+04,1.624883e+04,N
Ab2,53,8.945151e-08,2.508069e+04,2.046953e+04,N
Ab2,54,9.112040e-08,5.464045e+04,5.002929e+04,N
Ab2,55,9.278930e-08,3.634456e+04,3.173341e+04,N
Ab2,56,9.445819e-08,2.526674e+04,2.065559e+04,N
Ab2,57,9.612709e-08,1.761481e+04,1.300366e+04,N
Ab2,58,9.779599e-08,1.017719e+04,5.566038e+03,N
Ab2,59,9.946488e-08,5.311180e+03,7.000255e+02,N
Ab2,60,1.011338e-07,5.319405e+03,7.082503e+02,N
Ab2,61,1.028027e-07,1.106524e+04,6.454081e+03,N
Ab2,62,1.044716e-07,2.459535e+04,1.998419e+04,N
Ab2,63,1.061405e-07,3.718487e+04,3.257372e+04,N
Ab2,64,1.078094e-07,5.428894e+04,4.967779e+04,N
Ab2,65,1.094783e-07,7.404361e+04,6.943245e+04,N
Ab2,66,1.111472e-07,9.510163e+04,9.049047e+04,N
Ab2,67,1.128161e-07,1.164572e+05,1.118460e+05,N
Ab2,68,1.144849e-07,1.365597e+05,1.319486e+05,N
Ab2,69,1.161538e-07,1.495574e+05,1.449462e+05,N
Ab2,70,1.178227e-07,1.614758e+05,1.568647e+05,N
Ab2,71,1.194916e-07,1.727901e+05,1.681790e+05,N
Ab2,72,1.211605e-07,1.823609e+05,1.777498e+05,N
Ab2,73,1.228294e-07,1.911832e+05,1.865721e+05,N
Ab2,74,1.244983e-07,1.988547e+05,1.942435e+05,N
Ab2,75,1.261672e-07,2.048634e+05,2.002523e+05,N
Ab2,76,1.278361e-07,2.088631e+05,2.042519e+05,N
Ab2,77,1.295050e-07,2.111192e+05,2.065080e+05,N
Ab2,78,1.311739e-07,2.122409e+05,2.076298e+05,N
Ab2,79,1.328428e-07,2.154407e+05,2.108296e+05,N
Ab2,80,1.345117e-07,2.279834e+05,2.233723e+05,N
Ab2,81,1.361806e-07,2.611047e+05,2.564935e+05,N
Ab2,82,1.378495e-07,3.113231e+05,3.067119e+05,N
Ab2,83,1.395184e-07,3.462655e+05,3.416543e+05,N
Ab2,84,1.411873e-07,3.443598e+05,3.397486e+05,N
Ab2,85,1.428562e-07,3.202526e+05,3.156414e+05,N
Ab2,86,1.445251e-07,2.940229e+05,2.894118e+05,N
Ab2,87,1.461940e-07,2.737927e+05,2.691815e+05,N
Ab2,88,1.478629e-07,2.600310e+05,2.554199e+05,N
Ab2,89,1.495318e-07,2.511246e+05,2.465135e+05,N
Ab2,90,1.512007e-07,2.453870e+05,2.407758e+05,N
Ab2,91,1.528696e-07,2.417191e+05,2.371079e+05,N
Ab2,92,1.545385e-07,2.396706e+05,2.350594e+05,N
Ab2,93,1.562074e-07,2.380972e+05,2.334860e+05,N
Ab2,94,1.578763e-07,2.373208e+05,2.327096e+05,N
Ab2,95,1.595452e-07,2.369727e+05,2.323616e+05,N
Ab2,96,1.612140e-07,2.381322e+05,2.335211e+05,N
Ab2,97,1.628829e-07,2.378881e+05,2.332770e+05,N
Ab2,98,1.645518e-07,2.384137e+05,2.338026e+05,N
Ab2,99,1.662207e-07,2.401357e+05,2.355245e+05,N
Ab2,100,1.678896e-07,2.417384e+05,2.371272e+05,N
Ab2,101,1.695585e-07,2.436276e+05,2.390164e+05,N
Ab2,102,1.712274e-07,2.458357e+05,2.412245e+05,N
Ab2,103,1.728963e-07,2.483832e+05,2.437721e+05,N
Ab2,104,1.745652e-07,2.512923e+05,2.466812e+05,N
Ab2,105,1.762341e-07,2.545863e+05,2.499751e+05,N
Ab2,106,1.779030e-07,2.582872e+05,2.536760e+05,N
Ab2,107,1.795719e-07,2.624128e+05,2.578017e+05,N
Ab2,108,1.812408e-07,2.669718e+05,2.623606e+05,N
Ab2,109,1.829097e-07,2.719495e+05,2.673384e+05,N
Ab2,110,1.845786e-07,2.772361e+05,2.726249e+05,N
Ab2,111,1.862475e-07,2.831103e+05,2.784992e+05,N
Ab2,112,1.879164e-07,2.892981e+05,2.846869e+05,N
Ab2,113,1.895853e-07,2.960567e+05,2.914455e+05,N
Ab2,114,1.912542e-07,3.028931e+05,2.982819e+05,N
Ab2,115,1.929231e-07,3.107990e+05,3.061879e+05,N
Ab2,116,1.945920e-07,3.167997e+05,3.121885e+05,N
Ab2,117,1.962609e-07,3.236048e+05,3.189936e+05,N
Ab2,118,1.979298e-07,3.302442e+05,3.256330e+05,N
Ab2,119,1.995987e-07,3.365637e+05,3.319525e+05,N
Ab2,120,2.012676e-07,3.424270e+05,3.378158e+05,N
Ab2,121,2.029365e-07,3.477588e+05,3.431477e+05,N
Ab2,122,2.046054e-07,3.524725e+05,3.478613e+05,N
Ab2,123,2.062742e-07,3.564971e+05,3.518859e+05,N
Ab2,124,2.079431e-07,3.598215e+05,3.552103e+05,N
Ab2,125,2.096120e-07,3.624889e+05,3.578777e+05,N
Ab2,126,2.112809e-07,3.645701e+05,3.599589e+05,N
Ab2,127,2.129498e-07,3.655991e+05,3.609879e+05,N
Ab2,128,2.146187e-07,3.661440e+05,3.615328e+05,N
Ab2,129,2.162876e-07,3.660971e+05,3.614859e+05,N
Ab2,130,2.179565e-07,3.654988e+05,3.608877e+05,N
Ab2,131,2.196254e-07,3.644315e+05,3.598203e+05,N
Ab2,132,2.212943e-07,3.629422e+05,3.583311e+05,N
Ab2,133,2.229632e-07,3.610026e+05,3.563914e+05,N
Ab2,134,2.246321e-07,3.589446e+05,3.543335e+05,N
Ab2,135,2.263010e-07,3.565586e+05,3.519475e+05,N
Ab2,136,2.279699e-07,3.539772e+05,3.493661e+05,N
Ab2,137,2.296388e-07,3.512293e+05,3.466181e+05,N
Ab2,138,2.313077e-07,3.503178e+05,3.457066e+05,N
Ab2,139,2.329766e-07,3.464116e+05,3.418005e+05,N
Ab2,140,2.346455e-07,3.426030e+05,3.379919e+05,N
Ab2,141,2.363144e-07,3.396855e+05,3.350743e+05,N
Ab2,142,2.379833e-07,3.367033e+05,3.320921e+05,N
Ab2,143,2.396522e-07,3.338553e+05,3.292441e+05,N
Ab2,144,2.413211e-07,3.310228e+05,3.264116e+05,N
Ab2,145,2.429900e-07,3.282471e+05,3.236360e+05,N
Ab2,146,2.446589e-07,3.255376e+05,3.209264e+05,N
Ab2,147,2.463278e-07,3.228879e+05,3.182768e+05,N
Ab2,148,2.479967e-07,3.197544e+05,3.151433e+05,N
Ab2,149,2.496656e-07,3.176752e+05,3.130640e+05,N
Ab2,150,2.513344e-07,3.161728e+05,3.115616e+05,N
Ab2,151,2.530033e-07,3.151454e+05,3.105342e+05,N
Ab2,152,2.546722e-07,3.232915e+05,3.186803e+05,N
Ab2,153,2.563411e-07,3.375635e+05,3.329524e+05,N
Ab2,154,2.580100e-07,3.096642e+05,3.050531e+05,N
Ab2,155,2.596789e-07,3.062310e+05,3.016198e+05,N
Ab2,156,2.613478e-07,3.038446e+05,2.992335e+05,N
Ab2,157,2.630167e-07,3.014072e+05,2.967960e+05,N
Ab2,158,2.646856e-07,2.994356e+05,2.948244e+05,N
Ab2,159,2.663545e-07,2.976938e+05,2.930826e+05,N
Ab2,160,2.680234e-07,2.960730e+05,2.914619e+05,N
Ab2,161,2.696923e-07,3.001033e+05,2.954922e+05,N
Ab2,162,2.713612e-07,2.926606e+05,2.880494e+05,N
Ab2,163,2.730301e-07,2.914920e+05,2.868809e+05,N
Ab2,164,2.746990e-07,2.901798e+05,2.855687e+05,N
Ab2,165,2.763679e-07,2.922769e+05,2.876658e+05,N
Ab2,166,2.780368e-07,2.875702e+05,2.829591e+05,N
Ab2,167,2.797057e-07,2.861964e+05,2.815853e+05,N
Ab2,168,2.813746e-07,2.848996e+05,2.802884e+05,N
Ab2,169,2.830435e-07,2.802338e+05,2.756226e+05,N
Ab2,170,2.847124e-07,2.824649e+05,2.778538e+05,N
Ab2,171,2.863813e-07,2.813091e+05,2.766979e+05,N
Ab2,172,2.880502e-07,2.800598e+05,2.754487e+05,N
Ab2,173,2.897191e-07,2.749600e+05,2.703488e+05,N
Ab2,174,2.913880e-07,2.774232e+05,2.728121e+05,N
Ab2,175,2.930569e-07,2.766441e+05,2.720329e+05,N
Ab2,176,2.947258e-07,2.755775e+05,2.709664e+05,N
Ab2,177,2.963946e-07,2.742661e+05,2.696550e+05,N
Ab2,178,2.980635e-07,2.732055e+05,2.685944e+05,N
Ab2,179,2.997324e-07,2.721989e+05,2.675877e+05,N
Ab2,180,3.014013e-07,2.713581e+05,2.667470e+05,N
Ab2,181,3.030702e-07,2.701833e+05,2.655722e+05,N
Ab2,182,3.047391e-07,2.686845e+05,2.640733e+05,N
Ab2,183,3.064080e-07,2.689830e+05,2.643718e+05,N
Ab2,184,3.080769e-07,2.668076e+05,2.621964e+05,N
Ab2,185,3.097458e-07,2.671898e+05,2.625786e+05,N
Ab2,186,3.114147e-07,2.638820e+05,2.592708e+05,N
Ab2,187,3.130836e-07,2.626260e+05,2.580149e+05,N
Ab2,188,3.147525e-07,2.613457e+05,2.567346e+05,N
Ab2,189,3.164214e-07,2.600945e+05,2.554833e+05,N
Ab2,190,3.180903e-07,2.587135e+05,2.541023e+05,N
Ab2,191,3.197592e-07,2.573794e+05,2.527683e+05,N
Ab2,192,3.214281e-07,2.560479e+05,2.514368e+05,N
Ab2,193,3.230970e-07,2.546369e+05,2.500257e+05,N
Ab2,194,3.247659e-07,2.532168e+05,2.486056e+05,N
Ab2,195,3.264348e-07,2.518073e+05,2.471962e+05,N
Ab2,196,3.281037e-07,2.503442e+05,2.457331e+05,N
Ab2,197,3.297726e-07,2.484781e+05,2.438669e+05,N
Ab2,198,3.314415e-07,2.473824e+05,2.427713e+05,N
Ab2,199,3.331104e-07,2.458209e+05,2.412097e+05,N
Ab2,200,3.347793e-07,2.443881e+05,2.397769e+05,N
Ab2,201,3.364482e-07,2.428377e+05,2.382266e+05,N
Ab2,202,3.381171e-07,2.412365e+05,2.366254e+05,N
Ab2,203,3.397860e-07,2.402587e+05,2.356476e+05,N
Ab2,204,3.414548e-07,2.373554e+05,2.327443e+05,N
Ab2,205,3.431237e-07,2.360663e+05,2.314551e+05,N
Ab2,206,3.447926e-07,2.348126e+05,2.302015e+05,N
Ab2,207,3.464615e-07,2.332377e+05,2.286265e+05,N
Ab2,208,3.481304e-07,2.316082e+05,2.269970e+05,N
Ab2,209,3.497993e-07,2.299198e+05,2.253087e+05,N
Ab2,210,3.514682e-07,2.282537e+05,2.236425e+05,N
Ab2,211,3.531371e-07,2.265466e+05,2.219354e+05,N
Ab2,212,3.548060e-07,2.247781e+05,2.201670e+05,N
Ab2,213,3.564749e-07,2.229530e+05,2.183418e+05,N
Ab2,214,3.581438e-07,2.214521e+05,2.168410e+05,N
Ab2,215,3.598127e-07,2.209340e+05,2.163229e+05,N
Ab2,216,3.614816e-07,2.177198e+05,2.131086e+05,N
Ab2,217,3.631505e-07,2.161092e+05,2.114981e+05,N
Ab2,218,3.648194e-07,2.144470e+05,2.098358e+05,N
Ab2,219,3.664883e-07,2.169452e+05,2.123341e+05,N
Ab2,220,3.681572e-07,2.110971e+05,2.064859e+05,N
Ab2,221,3.698261e-07,2.093732e+05,2.047621e+05,N
Ab2,222,3.714950e-07,2.076414e+05,2.030303e+05,N
Ab2,223,3.731639e-07,2.059645e+05,2.013533e+05,N
Ab2,224,3.748328e-07,2.041583e+05,1.995471e+05,N
Ab2,225,3.765017e-07,2.024543e+05,1.978431e+05,N
Ab2,226,3.781706e-07,2.007338e+05,1.961227e+05,N
Ab2,227,3.798395e-07,1.990098e+05,1.943986e+05,N
Ab2,228,3.815084e-07,1.972911e+05,1.926800e+05,N
Ab2,229,3.831773e-07,1.955756e+05,1.909644e+05,N
Ab2,230,3.848462e-07,1.938617e+05,1.892506e+05,N
Ab2,231,3.865151e-07,1.921615e+05,1.875503e+05,N
Ab2,232,3.881839e-07,1.904644e+05,1.858532e+05,N
Ab2,233,3.898528e-07,1.887725e+05,1.841614e+05,N
Ab2,234,3.915217e-07,1.870931e+05,1.824820e+05,N
Ab2,235,3.931906e-07,1.854191e+05,1.808080e+05,N
Ab2,236,3.948595e-07,1.837525e+05,1.791414e+05,N
Ab2,237,3.965284e-07,1.820927e+05,1.774816e+05,N
Ab2,238,3.981973e-07,1.804277e+05,1.758165e+05,N
Ab2,239,3.998662e-07,1.786457e+05,1.740345e+05,N
Ab2,240,4.015351e-07,1.771910e+05,1.725798e+05,N
Ab2,241,4.032040e-07,1.748495e+05,1.702384e+05,N
Ab2,242,4.048729e-07,1.696469e+05,1.650358e+05,N
Ab2,243,4.065418e-07,1.727594e+05,1.681482e+05,N
Ab2,244,4.082107e-07,1.707094e+05,1.660982e+05,N
Ab2,245,4.098796e-07,1.692838e+05,1.646727e+05,N
Ab2,246,4.115485e-07,1.678188e+05,1.632076e+05,N
Ab2,247,4.132174e-07,1.663005e+05,1.616894e+05,N
Ab2,248,4.148863e-07,1.648137e+05,1.602025e+05,N
Ab2,249,4.165552e-07,1.633383e+05,1.587272e+05,N
Ab2,250,4.182241e-07,1.618751e+05,1.572639e+05,N
Ab2,251,4.198930e-07,1.604273e+05,1.558161e+05,N
Ab2,252,4.215619e-07,1.589694e+05,1.543583e+05,N
Ab2,253,4.232308e-07,1.575818e+05,1.529707e+05,N
Ab2,254,4.248997e-07,1.561848e+05,1.515737e+05,N
Ab2,255,4.265686e-07,1.548048e+05,1.501936e+05,N
Ab2,256,4.282375e-07,1.534419e+05,1.488308e+05,N
Ab2,257,4.299064e-07,1.520957e+05,1.474845e+05,N
Ab2,258,4.315753e-07,1.507621e+05,1.461510e+05,N
Ab2,259,4.332441e-07,1.493875e+05,1.447764e+05,N
Ab2,260,4.349130e-07,1.479302e+05,1.433191e+05,N
Ab2,261,4.365819e-07,1.468890e+05,1.422778e+05,N
Ab2,262,4.382508e-07,1.456430e+05,1.410319e+05,N
Ab2,263,4.399197e-07,1.450234e+05,1.404123e+05,N
Ab2,264,4.415886e-07,1.431965e+05,1.385853e+05,N
Ab2,265,4.432575e-07,1.420073e+05,1.373961e+05,N
Ab2,266,4.449264e-07,1.408322e+05,1.362210e+05,N
Ab2,267,4.465953e-07,1.396753e+05,1.350641e+05,N
Ab2,268,4.482642e-07,1.385417e+05,1.339305e+05,N
Ab2,269,4.499331e-07,1.374174e+05,1.328063e+05,N
Ab2,270,4.516020e-07,1.363161e+05,1.317049e+05,N
Ab2,271,4.532709e-07,1.352340e+05,1.306229e+05,N
Ab2,272,4.549398e-07,1.341708e+05,1.295596e+05,N
Ab2,273,4.566087e-07,1.331259e+05,1.285148e+05,N
Ab2,274,4.582776e-07,1.320964e+05,1.274853e+05,N
Ab2,275,4.599465e-07,1.310759e+05,1.264648e+05,N
Ab2,276,4.616154e-07,1.301044e+05,1.254932e+05,N
Ab2,277,4.632843e-07,1.291349e+05,1.245238e+05,N
Ab2,278,4.649532e-07,1.281789e+05,1.235677e+05,N
Ab2,279,4.666221e-07,1.286041e+05,1.239929e+05,N
Ab2,280,4.682910e-07,1.262918e+05,1.216806e+05,N
Ab2,281,4.699599e-07,1.254368e+05,1.208257e+05,N
Ab2,282,4.716288e-07,1.247062e+05,1.200950e+05,N
Ab2,283,4.732977e-07,1.237362e+05,1.191250e+05,N
Ab2,284,4.749666e-07,1.228608e+05,1.182497e+05,N
Ab2,285,4.766355e-07,1.220373e+05,1.174261e+05,N
Ab2,286,4.783043e-07,1.212303e+05,1.166192e+05,N
Ab2,287,4.799732e-07,1.204403e+05,1.158292e+05,N
Ab2,288,4.816421e-07,1.196674e+05,1.150562e+05,N
Ab2,289,4.833110e-07,1.189112e+05,1.143001e+05,N
Ab2,290,4.849799e-07,1.181718e+05,1.135607e+05,N
Ab2,291,4.866488e-07,1.174490e+05,1.128378e+05,N
Ab2,292,4.883177e-07,1.167425e+05,1.121314e+05,N
Ab2,293,4.899866e-07,1.160522e+05,1.114410e+05,N
Ab2,294,4.916555e-07,1.153778e+05,1.107667e+05,N
Ab2,295,4.933244e-07,1.147192e+05,1.101081e+05,N
Ab2,296,4.949933e-07,1.140760e+05,1.094649e+05,N
Ab2,297,4.966622e-07,1.134477e+05,1.088366e+05,N
Ab2,298,4.983311e-07,1.128334e+05,1.082223e+05,N
Ab2,299,5.000000e-07,1.129555e+05,1.083443e+05,N
D1,0,1.000000e-09,8.995194e+04,8.534079e+04,N
D1,1,1.331104e-09,8.709688e+04,8.248572e+04,N
D1,2,1.662207e-09,8.421233e+04,7.960118e+04,N
D1,3,1.993311e-09,8.130154e+04,7.669039e+04,N
D1,4,2.324415e-09,7.838082e+04,7.376967e+04,N
D1,5,2.655518e-09,7.546768e+04,7.085652e+04,N
D1,6,2.986622e-09,7.257459e+04,6.796344e+04,N
D1,7,3.317726e-09,6.971084e+04,6.509969e+04,N
D1,8,3.648829e-09,6.688864e+04,6.227748e+04,N
D1,9,3.979933e-09,6.412725e+04,5.951610e+04,N
D1,10,4.311037e-09,6.145202e+04,5.684087e+04,N
D1,11,4.642140e-09,5.889061e+04,5.427945e+04,N
D1,12,4.973244e-09,5.647051e+04,5.185936e+04,N
D1,13,5.304348e-09,5.421919e+04,4.960803e+04,N
D1,14,5.635452e-09,5.216559e+04,4.755444e+04,N
D1,15,5.966555e-09,5.034127e+04,4.573011e+04,N
D1,16,6.297659e-09,4.878003e+04,4.416887e+04,N
D1,17,6.628763e-09,4.751651e+04,4.290535e+04,N
D1,18,6.959866e-09,4.658466e+04,4.197350e+04,N
D1,19,7.290970e-09,4.601696e+04,4.140580e+04,N
D1,20,7.622074e-09,4.584179e+04,4.123064e+04,N
D1,21,7.953177e-09,4.607761e+04,4.146645e+04,N
D1,22,8.284281e-09,4.673843e+04,4.212727e+04,N
D1,23,8.615385e-09,4.784320e+04,4.323205e+04,N
D1,24,8.946488e-09,4.940001e+04,4.478886e+04,N
D1,25,9.277592e-09,5.138213e+04,4.677097e+04,N
D1,26,9.608696e-09,5.368650e+04,4.907535e+04,N
D1,27,9.939799e-09,5.604540e+04,5.143424e+04,N
D1,28,1.027090e-08,5.787847e+04,5.326731e+04,N
D1,29,1.060201e-08,5.819148e+04,5.358032e+04,N
D1,30,1.093311e-08,5.631608e+04,5.170493e+04,N
D1,31,1.126421e-08,5.764063e+04,5.302948e+04,N
D1,32,1.159532e-08,8.573038e+04,8.111922e+04,N
D1,33,1.192642e-08,9.373714e+04,8.912598e+04,N
D1,34,1.225753e-08,4.462620e+04,4.001504e+04,N
D1,35,1.258863e-08,2.559832e+04,2.098716e+04,N
D1,36,1.291973e-08,1.675950e+04,1.214834e+04,N
D1,37,1.325084e-08,1.330913e+04,8.697977e+03,N
D1,38,1.358194e-08,1.075053e+04,6.139377e+03,N
D1,39,1.391304e-08,8.866137e+03,4.254982e+03,N
D1,40,1.424415e-08,7.467774e+03,2.856619e+03,N
D1,41,1.457525e-08,6.405344e+03,1.794190e+03,N
D1,42,1.490635e-08,5.602096e+03,9.909415e+02,N
D1,43,1.523746e-08,5.033597e+03,4.224425e+02,N
D1,44,1.556856e-08,4.701119e+03,8.996479e+01,N
D1,45,1.589967e-08,4.613235e+03,2.080545e+00,N
D1,46,1.623077e-08,4.773772e+03,1.626173e+02,N
D1,47,1.656187e-08,5.173764e+03,5.626093e+02,N
D1,48,1.689298e-08,5.798039e+03,1.186884e+03,N
D1,49,1.722408e-08,6.544725e+03,1.933571e+03,N
D1,50,1.755518e-08,7.529966e+03,2.918812e+03,N
D1,51,1.788629e-08,8.856907e+03,4.245753e+03,N
D1,52,1.821739e-08,1.017530e+04,5.564149e+03,N
D1,53,1.854849e-08,1.152212e+04,6.910969e+03,N
D1,54,1.887960e-08,1.285413e+04,8.242980e+03,N
D1,55,1.921070e-08,1.408279e+04,9.471640e+03,N
D1,56,1.954181e-08,1.491916e+04,1.030800e+04,N
D1,57,1.987291e-08,1.484286e+04,1.023170e+04,N
D1,58,2.020401e-08,1.550338e+04,1.089222e+04,N
D1,59,2.053512e-08,1.097178e+04,6.360629e+03,N
D1,60,2.086622e-08,1.627776e+04,1.166660e+04,N
D1,61,2.119732e-08,2.191950e+04,1.730834e+04,N
D1,62,2.152843e-08,2.528029e+04,2.066914e+04,N
D1,63,2.185953e-08,2.767738e+04,2.306623e+04,N
D1,64,2.219064e-08,2.962122e+04,2.501007e+04,N
D1,65,2.252174e-08,3.130064e+04,2.668948e+04,N
D1,66,2.285284e-08,3.279385e+04,2.818269e+04,N
D1,67,2.318395e-08,3.413689e+04,2.952574e+04,N
D1,68,2.351505e-08,3.534770e+04,3.073654e+04,N
D1,69,2.384615e-08,3.643604e+04,3.182488e+04,N
D1,70,2.417726e-08,3.741889e+04,3.280774e+04,N
D1,71,2.450836e-08,3.830976e+04,3.369860e+04,N
D1,72,2.483946e-08,3.911367e+04,3.450252e+04,N
D1,73,2.517057e-08,3.982925e+04,3.521809e+04,N
D1,74,2.550167e-08,4.045975e+04,3.584860e+04,N
D1,75,2.583278e-08,4.101081e+04,3.639965e+04,N
D1,76,2.616388e-08,4.147793e+04,3.686678e+04,N
D1,77,2.649498e-08,4.185282e+04,3.724167e+04,N
D1,78,2.682609e-08,4.210251e+04,3.749135e+04,N
D1,79,2.715719e-08,4.214831e+04,3.753715e+04,N
D1,80,2.748829e-08,4.198000e+04,3.736884e+04,N
D1,81,2.781940e-08,4.264356e+04,3.803241e+04,N
D1,82,2.815050e-08,4.284409e+04,3.823294e+04,N
D1,83,2.848161e-08,4.391932e+04,3.930816e+04,N
D1,84,2.881271e-08,4.504290e+04,4.043174e+04,N
D1,85,2.914381e-08,4.563295e+04,4.102179e+04,N
D1,86,2.947492e-08,4.598300e+04,4.137185e+04,N
D1,87,2.980602e-08,4.635303e+04,4.174187e+04,N
D1,88,3.013712e-08,4.679610e+04,4.218494e+04,N
D1,89,3.046823e-08,4.730876e+04,4.269760e+04,N
D1,90,3.079933e-08,4.788443e+04,4.327328e+04,N
D1,91,3.113043e-08,4.851935e+04,4.390819e+04,N
D1,92,3.146154e-08,4.921194e+04,4.460079e+04,N
D1,93,3.179264e-08,4.996627e+04,4.535511e+04,N
D1,94,3.212375e-08,5.079721e+04,4.618605e+04,N
D1,95,3.245485e-08,5.171058e+04,4.709943e+04,N
D1,96,3.278595e-08,5.269320e+04,4.808204e+04,N
D1,97,3.311706e-08,5.373891e+04,4.912775e+04,N
D1,98,3.344816e-08,5.485496e+04,5.024380e+04,N
D1,99,3.377926e-08,5.605575e+04,5.144460e+04,N
D1,100,3.411037e-08,5.725359e+04,5.264243e+04,N
D1,101,3.444147e-08,5.854577e+04,5.393462e+04,N
D1,102,3.477258e-08,5.990854e+04,5.529738e+04,N
D1,103,3.510368e-08,6.134170e+04,5.673054e+04,N
D1,104,3.543478e-08,6.285317e+04,5.824202e+04,N
D1,105,3.576589e-08,6.446645e+04,5.985529e+04,N
D1,106,3.609699e-08,6.626005e+04,6.164890e+04,N
D1,107,3.642809e-08,6.862404e+04,6.401288e+04,N
D1,108,3.675920e-08,7.484167e+04,7.023051e+04,N
D1,109,3.709030e-08,7.400152e+04,6.939037e+04,N
D1,110,3.742140e-08,7.428658e+04,6.967543e+04,N
D1,111,3.775251e-08,7.610620e+04,7.149504e+04,N
D1,112,3.808361e-08,7.761228e+04,7.300112e+04,N
D1,113,3.841472e-08,7.882462e+04,7.421347e+04,N
D1,114,3.874582e-08,8.016290e+04,7.555174e+04,N
D1,115,3.907692e-08,8.169174e+04,7.708058e+04,N
D1,116,3.940803e-08,8.335646e+04,7.874530e+04,N
D1,117,3.973913e-08,8.510183e+04,8.049067e+04,N
D1,118,4.007023e-08,8.689646e+04,8.228531e+04,N
D1,119,4.040134e-08,8.873278e+04,8.412163e+04,N
D1,120,4.073244e-08,9.063958e+04,8.602843e+04,N
D1,121,4.106355e-08,9.296086e+04,8.834970e+04,N
D1,122,4.139465e-08,9.502709e+04,9.041594e+04,N
D1,123,4.172575e-08,9.892218e+04,9.431102e+04,N
D1,124,4.205686e-08,1.020470e+05,9.743585e+04,N
D1,125,4.238796e-08,1.004259e+05,9.581476e+04,N
D1,126,4.271906e-08,1.016603e+05,9.704916e+04,N
D1,127,4.305017e-08,1.033547e+05,9.874356e+04,N
D1,128,4.338127e-08,1.052842e+05,1.006730e+05,N
D1,129,4.371237e-08,1.087204e+05,1.041092e+05,N
D1,130,4.404348e-08,1.127534e+05,1.081422e+05,N
D1,131,4.437458e-08,1.121925e+05,1.075814e+05,N
D1,132,4.470569e-08,1.120797e+05,1.074685e+05,N
D1,133,4.503679e-08,1.133808e+05,1.087697e+05,N
D1,134,4.536789e-08,1.160177e+05,1.114065e+05,N
D1,135,4.569900e-08,1.175207e+05,1.129096e+05,N
D1,136,4.603010e-08,1.180167e+05,1.134055e+05,N
D1,137,4.636120e-08,1.198494e+05,1.152383e+05,N
D1,138,4.669231e-08,1.212822e+05,1.166710e+05,N
D1,139,4.702341e-08,1.226094e+05,1.179982e+05,N
D1,140,4.735452e-08,1.239538e+05,1.193426e+05,N
D1,141,4.768562e-08,1.253150e+05,1.207039e+05,N
D1,142,4.801672e-08,1.266782e+05,1.220670e+05,N
D1,143,4.834783e-08,1.280340e+05,1.234229e+05,N
D1,144,4.867893e-08,1.293781e+05,1.247670e+05,N
D1,145,4.901003e-08,1.307086e+05,1.260974e+05,N
D1,146,4.934114e-08,1.320236e+05,1.274125e+05,N
D1,147,4.967224e-08,1.333246e+05,1.287135e+05,N
D1,148,5.000334e-08,1.346285e+05,1.300174e+05,N
D1,149,5.033445e-08,1.359199e+05,1.313087e+05,N
D1,150,5.066555e-08,1.372040e+05,1.325928e+05,N
D1,151,5.099666e-08,1.384850e+05,1.338739e+05,N
D1,152,5.132776e-08,1.397669e+05,1.351557e+05,N
D1,153,5.165886e-08,1.410540e+05,1.364429e+05,N
D1,154,5.198997e-08,1.423513e+05,1.377402e+05,N
D1,155,5.232107e-08,1.436620e+05,1.390508e+05,N
D1,156,5.265217e-08,1.449897e+05,1.403785e+05,N
D1,157,5.298328e-08,1.463397e+05,1.417285e+05,N
D1,158,5.331438e-08,1.477193e+05,1.431081e+05,N
D1,159,5.364548e-08,1.491364e+05,1.445253e+05,N
D1,160,5.397659e-08,1.505911e+05,1.459799e+05,N
D1,161,5.430769e-08,1.520567e+05,1.474456e+05,N
D1,162,5.463880e-08,1.535260e+05,1.489149e+05,N
D1,163,5.496990e-08,1.550390e+05,1.504279e+05,N
D1,164,5.530100e-08,1.566139e+05,1.520028e+05,N
D1,165,5.563211e-08,1.582518e+05,1.536407e+05,N
D1,166,5.596321e-08,1.599531e+05,1.553419e+05,N
D1,167,5.629431e-08,1.617199e+05,1.571087e+05,N
D1,168,5.662542e-08,1.635554e+05,1.589442e+05,N
D1,169,5.695652e-08,1.654637e+05,1.608526e+05,N
D1,170,5.728763e-08,1.674501e+05,1.628389e+05,N
D1,171,5.761873e-08,1.695132e+05,1.649021e+05,N
D1,172,5.794983e-08,1.716462e+05,1.670351e+05,N
D1,173,5.828094e-08,1.738608e+05,1.692497e+05,N
D1,174,5.861204e-08,1.761633e+05,1.715521e+05,N
D1,175,5.894314e-08,1.785566e+05,1.739454e+05,N
D1,176,5.927425e-08,1.810436e+05,1.764325e+05,N
D1,177,5.960535e-08,1.836278e+05,1.790167e+05,N
D1,178,5.993645e-08,1.863141e+05,1.817030e+05,N
D1,179,6.026756e-08,1.891100e+05,1.844989e+05,N
D1,180,6.059866e-08,1.920279e+05,1.874168e+05,N
D1,181,6.092977e-08,1.950890e+05,1.904779e+05,N
D1,182,6.126087e-08,1.983288e+05,1.937176e+05,N
D1,183,6.159197e-08,2.017949e+05,1.971837e+05,N
D1,184,6.192308e-08,2.055376e+05,2.009265e+05,N
D1,185,6.225418e-08,2.097096e+05,2.050985e+05,N
D1,186,6.258528e-08,2.147201e+05,2.101090e+05,N
D1,187,6.291639e-08,2.210816e+05,2.164705e+05,N
D1,188,6.324749e-08,2.279441e+05,2.233330e+05,N
D1,189,6.357860e-08,2.306969e+05,2.260858e+05,N
D1,190,6.390970e-08,2.289013e+05,2.242902e+05,N
D1,191,6.424080e-08,2.273200e+05,2.227089e+05,N
D1,192,6.457191e-08,2.283804e+05,2.237692e+05,N
D1,193,6.490301e-08,2.324539e+05,2.278428e+05,N
D1,194,6.523411e-08,2.376385e+05,2.330274e+05,N
D1,195,6.556522e-08,2.427962e+05,2.381851e+05,N
D1,196,6.589632e-08,2.479132e+05,2.433020e+05,N
D1,197,6.622742e-08,2.533144e+05,2.487032e+05,N
D1,198,6.655853e-08,2.593385e+05,2.547274e+05,N
D1,199,6.688963e-08,2.664305e+05,2.618193e+05,N
D1,200,6.722074e-08,2.754484e+05,2.708373e+05,N
D1,201,6.755184e-08,2.925882e+05,2.879771e+05,N
D1,202,6.788294e-08,3.522389e+05,3.476278e+05,N
D1,203,6.821405e-08,4.266049e+05,4.219938e+05,N
D1,204,6.854515e-08,3.899155e+05,3.853044e+05,N
D1,205,6.887625e-08,3.390134e+05,3.344022e+05,N
D1,206,6.920736e-08,3.152124e+05,3.106013e+05,N
D1,207,6.953846e-08,3.055809e+05,3.009698e+05,N
D1,208,6.986957e-08,3.031579e+05,2.985467e+05,N
D1,209,7.020067e-08,2.998014e+05,2.951902e+05,N
D1,210,7.053177e-08,3.001213e+05,2.955102e+05,N
D1,211,7.086288e-08,3.015139e+05,2.969028e+05,N
D1,212,7.119398e-08,3.035894e+05,2.989782e+05,N
D1,213,7.152508e-08,3.067785e+05,3.021673e+05,N
D1,214,7.185619e-08,3.141952e+05,3.095840e+05,N
D1,215,7.218729e-08,3.118458e+05,3.072346e+05,N
D1,216,7.251839e-08,3.146600e+05,3.100489e+05,N
D1,217,7.284950e-08,3.189275e+05,3.143163e+05,N
D1,218,7.318060e-08,3.191492e+05,3.145380e+05,N
D1,219,7.351171e-08,3.241154e+05,3.195043e+05,N
D1,220,7.384281e-08,3.247854e+05,3.201743e+05,N
D1,221,7.417391e-08,3.263196e+05,3.217084e+05,N
D1,222,7.450502e-08,3.283900e+05,3.237788e+05,N
D1,223,7.483612e-08,3.306947e+05,3.260836e+05,N
D1,224,7.516722e-08,3.331521e+05,3.285409e+05,N
D1,225,7.549833e-08,3.357671e+05,3.311559e+05,N
D1,226,7.582943e-08,3.385445e+05,3.339333e+05,N
D1,227,7.616054e-08,3.412720e+05,3.366608e+05,N
D1,228,7.649164e-08,3.434716e+05,3.388604e+05,N
D1,229,7.682274e-08,3.452004e+05,3.405893e+05,N
D1,230,7.715385e-08,3.469270e+05,3.423159e+05,N
D1,231,7.748495e-08,3.488302e+05,3.442190e+05,N
D1,232,7.781605e-08,3.509349e+05,3.463238e+05,N
D1,233,7.814716e-08,3.532850e+05,3.486738e+05,N
D1,234,7.847826e-08,3.560439e+05,3.514327e+05,N
D1,235,7.880936e-08,3.592170e+05,3.546058e+05,N
D1,236,7.914047e-08,3.615917e+05,3.569806e+05,N
D1,237,7.947157e-08,3.621551e+05,3.575440e+05,N
D1,238,7.980268e-08,3.624877e+05,3.578766e+05,N
D1,239,8.013378e-08,3.633971e+05,3.587859e+05,N
D1,240,8.046488e-08,3.649734e+05,3.603622e+05,N
D1,241,8.079599e-08,3.668658e+05,3.622547e+05,N
D1,242,8.112709e-08,3.687954e+05,3.641842e+05,N
D1,243,8.145819e-08,3.706992e+05,3.660880e+05,N
D1,244,8.178930e-08,3.726467e+05,3.680355e+05,N
D1,245,8.212040e-08,3.744745e+05,3.698633e+05,N
D1,246,8.245151e-08,3.764030e+05,3.717918e+05,N
D1,247,8.278261e-08,3.784893e+05,3.738782e+05,N
D1,248,8.311371e-08,3.806198e+05,3.760086e+05,N
D1,249,8.344482e-08,3.826876e+05,3.780764e+05,N
D1,250,8.377592e-08,3.850399e+05,3.804288e+05,N
D1,251,8.410702e-08,3.891586e+05,3.845475e+05,N
D1,252,8.443813e-08,4.040389e+05,3.994277e+05,N
D1,253,8.476923e-08,4.181627e+05,4.135516e+05,N
D1,254,8.510033e-08,3.963275e+05,3.917164e+05,N
D1,255,8.543144e-08,3.936785e+05,3.890674e+05,N
D1,256,8.576254e-08,3.941651e+05,3.895539e+05,N
D1,257,8.609365e-08,3.954183e+05,3.908072e+05,N
D1,258,8.642475e-08,3.969565e+05,3.923453e+05,N
D1,259,8.675585e-08,3.986357e+05,3.940245e+05,N
D1,260,8.708696e-08,4.004023e+05,3.957912e+05,N
D1,261,8.741806e-08,4.022342e+05,3.976230e+05,N
D1,262,8.774916e-08,4.041223e+05,3.995111e+05,N
D1,263,8.808027e-08,4.060646e+05,4.014534e+05,N
D1,264,8.841137e-08,4.080631e+05,4.034519e+05,N
D1,265,8.874247e-08,4.101215e+05,4.055103e+05,N
D1,266,8.907358e-08,4.122410e+05,4.076298e+05,N
D1,267,8.940468e-08,4.144029e+05,4.097917e+05,N
D1,268,8.973579e-08,4.165510e+05,4.119398e+05,N
D1,269,9.006689e-08,4.187085e+05,4.140973e+05,N
D1,270,9.039799e-08,4.208812e+05,4.162700e+05,N
D1,271,9.072910e-08,4.229459e+05,4.183347e+05,N
D1,272,9.106020e-08,4.249699e+05,4.203588e+05,N
D1,273,9.139130e-08,4.269821e+05,4.223710e+05,N
D1,274,9.172241e-08,4.288791e+05,4.242679e+05,N
D1,275,9.205351e-08,4.303146e+05,4.257034e+05,N
D1,276,9.238462e-08,4.302603e+05,4.256491e+05,N
D1,277,9.271572e-08,4.242558e+05,4.196447e+05,N
D1,278,9.304682e-08,3.881881e+05,3.835770e+05,N
D1,279,9.337793e-08,4.037702e+05,3.991591e+05,N
D1,280,9.370903e-08,4.356889e+05,4.310777e+05,N
D1,281,9.404013e-08,4.451315e+05,4.405203e+05,N
D1,282,9.437124e-08,4.504381e+05,4.458269e+05,N
D1,283,9.470234e-08,4.546539e+05,4.500428e+05,N
D1,284,9.503344e-08,4.586194e+05,4.540083e+05,N
D1,285,9.536455e-08,4.630319e+05,4.584207e+05,N
D1,286,9.569565e-08,4.736819e+05,4.690708e+05,N
D1,287,9.602676e-08,4.779588e+05,4.733476e+05,N
D1,288,9.635786e-08,4.738875e+05,4.692764e+05,N
D1,289,9.668896e-08,4.764409e+05,4.718298e+05,N
D1,290,9.702007e-08,4.803274e+05,4.757163e+05,N
D1,291,9.735117e-08,4.842237e+05,4.796126e+05,N
D1,292,9.768227e-08,4.880932e+05,4.834820e+05,N
D1,293,9.801338e-08,4.932283e+05,4.886171e+05,N
D1,294,9.834448e-08,4.955049e+05,4.908937e+05,N
D1,295,9.867559e-08,5.013894e+05,4.967783e+05,N
D1,296,9.900669e-08,5.048678e+05,5.002567e+05,N
D1,297,9.933779e-08,5.090420e+05,5.044308e+05,N
D1,298,9.966890e-08,5.134266e+05,5.088154e+05,N
D1,299,1.000000e-07,5.179379e+05,5.133267e+05,N
J,0,1.000000e-09,9.149461e+03,4.538307e+03,N
J,1,2.668896e-09,4.712836e+03,1.016818e+02,N
J,2,4.337793e-09,2.295530e+04,1.834414e+04,N
J,3,6.006689e-09,3.137330e+04,2.676215e+04,N
J,4,7.675585e-09,2.562057e+04,2.100942e+04,N
J,5,9.344482e-09,3.186389e+04,2.725274e+04,N
J,6,1.101338e-08,4.226852e+04,3.765737e+04,N
J,7,1.268227e-08,5.288574e+04,4.827459e+04,N
J,8,1.435117e-08,5.905874e+04,5.444759e+04,N
J,9,1.602007e-08,6.750401e+04,6.289286e+04,N
J,10,1.768896e-08,7.734363e+04,7.273248e+04,N
J,11,1.935786e-08,8.417388e+04,7.956273e+04,N
J,12,2.102676e-08,1.025442e+05,9.793300e+04,N
J,13,2.269565e-08,1.621024e+05,1.574912e+05,N
J,14,2.436455e-08,1.581922e+05,1.535810e+05,N
J,15,2.603344e-08,6.128627e+04,5.667512e+04,N
J,16,2.770234e-08,3.303304e+05,3.257192e+05,N
J,17,2.937124e-08,7.804558e+04,7.343443e+04,N
J,18,3.104013e-08,5.567628e+04,5.106513e+04,N
J,19,3.270903e-08,9.527364e+04,9.066248e+04,N
J,20,3.437793e-08,9.964410e+04,9.503294e+04,N
J,21,3.604682e-08,9.854678e+04,9.393562e+04,N
J,22,3.771572e-08,9.839171e+04,9.378056e+04,N
J,23,3.938462e-08,9.318511e+04,8.857395e+04,N
J,24,4.105351e-08,9.895084e+04,9.433969e+04,N
J,25,4.272241e-08,1.045223e+05,9.991114e+04,N
J,26,4.439130e-08,1.073254e+05,1.027142e+05,N
J,27,4.606020e-08,1.104036e+05,1.057924e+05,N
J,28,4.772910e-08,1.122939e+05,1.076827e+05,N
J,29,4.939799e-08,1.129114e+05,1.083002e+05,N
J,30,5.106689e-08,1.077654e+05,1.031542e+05,N
J,31,5.273579e-08,8.187243e+04,7.726128e+04,N
J,32,5.440468e-08,1.037737e+05,9.916251e+04,N
J,33,5.607358e-08,1.019047e+05,9.729355e+04,N
J,34,5.774247e-08,9.853452e+04,9.392336e+04,N
J,35,5.941137e-08,9.558384e+04,9.097269e+04,N
J,36,6.108027e-08,9.291064e+04,8.829949e+04,N
J,37,6.274916e-08,9.076487e+04,8.615372e+04,N
J,38,6.441806e-08,8.703174e+04,8.242058e+04,N
J,39,6.608696e-08,8.745965e+04,8.284850e+04,N
J,40,6.775585e-08,8.639087e+04,8.177972e+04,N
J,41,6.942475e-08,8.605897e+04,8.144782e+04,N
J,42,7.109365e-08,8.596285e+04,8.135169e+04,N
J,43,7.276254e-08,8.618591e+04,8.157475e+04,N
J,44,7.443144e-08,8.669573e+04,8.208458e+04,N
J,45,7.610033e-08,8.745129e+04,8.284014e+04,N
J,46,7.776923e-08,8.875488e+04,8.414373e+04,N
J,47,7.943813e-08,8.949918e+04,8.488803e+04,N
J,48,8.110702e-08,9.951759e+04,9.490643e+04,N
J,49,8.277592e-08,9.245447e+04,8.784332e+04,N
J,50,8.444482e-08,9.386044e+04,8.924928e+04,N
J,51,8.611371e-08,1.122410e+05,1.076298e+05,N
J,52,8.778261e-08,9.685541e+04,9.224425e+04,N
J,53,8.945151e-08,9.374644e+04,8.913528e+04,N
J,54,9.112040e-08,9.677175e+04,9.216059e+04,N
J,55,9.278930e-08,9.931318e+04,9.470202e+04,N
J,56,9.445819e-08,9.813682e+04,9.352567e+04,N
J,57,9.612709e-08,1.050092e+05,1.003981e+05,N
J,58,9.779599e-08,1.914990e+05,1.868879e+05,N
J,59,9.946488e-08,1.246992e+05,1.200880e+05,N
J,60,1.011338e-07,1.080631e+05,1.034519e+05,N
J,61,1.028027e-07,1.061814e+05,1.015703e+05,N
J,62,1.044716e-07,1.101615e+05,1.055503e+05,N
J,63,1.061405e-07,8.154312e+04,7.693196e+04,N
J,64,1.078094e-07,1.061108e+05,1.014996e+05,N
J,65,1.094783e-07,1.071539e+05,1.025427e+05,N
J,66,1.111472e-07,1.077897e+05,1.031785e+05,N
J,67,1.128161e-07,1.083915e+05,1.037803e+05,N
J,68,1.144849e-07,1.091861e+05,1.045749e+05,N
J,69,1.161538e-07,1.689837e+05,1.643726e+05,N
J,70,1.178227e-07,1.100606e+05,1.054495e+05,N
J,71,1.194916e-07,1.105271e+05,1.059159e+05,N
J,72,1.211605e-07,1.108512e+05,1.062400e+05,N
J,73,1.228294e-07,1.118621e+05,1.072509e+05,N
J,74,1.244983e-07,1.124556e+05,1.078444e+05,N
J,75,1.261672e-07,1.131682e+05,1.085571e+05,N
J,76,1.278361e-07,1.140348e+05,1.094237e+05,N
J,77,1.295050e-07,1.147082e+05,1.100971e+05,N
J,78,1.311739e-07,1.154047e+05,1.107935e+05,N
J,79,1.328428e-07,1.156123e+05,1.110012e+05,N
J,80,1.345117e-07,6.846201e+04,6.385086e+04,N
J,81,1.361806e-07,1.177347e+05,1.131235e+05,N
J,82,1.378495e-07,1.193900e+05,1.147789e+05,N
J,83,1.395184e-07,1.206947e+05,1.160835e+05,N
J,84,1.411873e-07,1.221189e+05,1.175078e+05,N
J,85,1.428562e-07,1.243906e+05,1.197794e+05,N
J,86,1.445251e-07,1.272282e+05,1.226171e+05,N
J,87,1.461940e-07,1.268874e+05,1.222762e+05,N
J,88,1.478629e-07,1.272520e+05,1.226408e+05,N
J,89,1.495318e-07,1.283576e+05,1.237465e+05,N
J,90,1.512007e-07,1.296584e+05,1.250472e+05,N
J,91,1.528696e-07,1.311637e+05,1.265525e+05,N
J,92,1.545385e-07,1.322538e+05,1.276427e+05,N
J,93,1.562074e-07,1.335773e+05,1.289661e+05,N
J,94,1.578763e-07,1.351114e+05,1.305002e+05,N
J,95,1.595452e-07,1.367937e+05,1.321826e+05,N
J,96,1.612140e-07,1.379358e+05,1.333246e+05,N
J,97,1.628829e-07,1.432675e+05,1.386563e+05,N
J,98,1.645518e-07,1.421152e+05,1.375041e+05,N
J,99,1.662207e-07,1.433422e+05,1.387310e+05,N
J,100,1.678896e-07,1.448555e+05,1.402443e+05,N
J,101,1.695585e-07,1.463231e+05,1.417120e+05,N
J,102,1.712274e-07,1.479588e+05,1.433476e+05,N
J,103,1.728963e-07,1.495127e+05,1.449016e+05,N
J,104,1.745652e-07,1.509758e+05,1.463647e+05,N
J,105,1.762341e-07,1.530227e+05,1.484116e+05,N
J,106,1.779030e-07,1.542318e+05,1.496206e+05,N
J,107,1.795719e-07,1.558877e+05,1.512766e+05,N
J,108,1.812408e-07,1.576808e+05,1.530697e+05,N
J,109,1.829097e-07,1.595920e+05,1.549808e+05,N
J,110,1.845786e-07,1.624539e+05,1.578428e+05,N
J,111,1.862475e-07,1.729510e+05,1.683398e+05,N
J,112,1.879164e-07,2.237588e+05,2.191477e+05,N
J,113,1.895853e-07,2.089359e+05,2.043247e+05,N
J,114,1.912542e-07,1.766597e+05,1.720486e+05,N
J,115,1.929231e-07,1.692133e+05,1.646021e+05,N
J,116,1.945920e-07,1.678882e+05,1.632771e+05,N
J,117,1.962609e-07,1.675613e+05,1.629501e+05,N
J,118,1.979298e-07,1.682495e+05,1.636383e+05,N
J,119,1.995987e-07,1.687577e+05,1.641466e+05,N
J,120,2.012676e-07,1.693843e+05,1.647731e+05,N
J,121,2.029365e-07,1.699926e+05,1.653814e+05,N
J,122,2.046054e-07,1.711575e+05,1.665464e+05,N
J,123,2.062742e-07,1.711734e+05,1.665622e+05,N
J,124,2.079431e-07,1.715085e+05,1.668973e+05,N
J,125,2.096120e-07,1.717146e+05,1.671034e+05,N
J,126,2.112809e-07,1.711116e+05,1.665004e+05,N
J,127,2.129498e-07,1.722428e+05,1.676316e+05,N
J,128,2.146187e-07,1.723695e+05,1.677583e+05,N
J,129,2.162876e-07,1.726398e+05,1.680287e+05,N
J,130,2.179565e-07,1.730189e+05,1.684078e+05,N
J,131,2.196254e-07,1.731173e+05,1.685062e+05,N
J,132,2.212943e-07,1.731717e+05,1.685606e+05,N
J,133,2.229632e-07,1.731735e+05,1.685623e+05,N
J,134,2.246321e-07,1.730948e+05,1.684837e+05,N
J,135,2.263010e-07,1.726921e+05,1.680810e+05,N
J,136,2.279699e-07,1.729246e+05,1.683134e+05,N
J,137,2.296388e-07,1.726812e+05,1.680701e+05,N
J,138,2.313077e-07,1.725595e+05,1.679483e+05,N
J,139,2.329766e-07,1.724977e+05,1.678866e+05,N
J,140,2.346455e-07,1.724430e+05,1.678319e+05,N
J,141,2.363144e-07,1.743075e+05,1.696964e+05,N
J,142,2.379833e-07,1.718929e+05,1.672818e+05,N
J,143,2.396522e-07,1.715024e+05,1.668913e+05,N
J,144,2.413211e-07,1.669724e+05,1.623612e+05,N
J,145,2.429900e-07,1.709054e+05,1.662942e+05,N
J,146,2.446589e-07,1.706560e+05,1.660449e+05,N
J,147,2.463278e-07,1.702903e+05,1.656792e+05,N
J,148,2.479967e-07,1.723649e+05,1.677537e+05,N
J,149,2.496656e-07,1.698257e+05,1.652145e+05,N
J,150,2.513344e-07,1.696126e+05,1.650014e+05,N
J,151,2.530033e-07,1.696794e+05,1.650682e+05,N
J,152,2.546722e-07,1.714706e+05,1.668594e+05,N
J,153,2.563411e-07,1.689946e+05,1.643834e+05,N
J,154,2.580100e-07,1.687060e+05,1.640949e+05,N
J,155,2.596789e-07,1.683650e+05,1.637539e+05,N
J,156,2.613478e-07,1.681192e+05,1.635080e+05,N
J,157,2.630167e-07,1.683514e+05,1.637403e+05,N
J,158,2.646856e-07,1.683503e+05,1.637391e+05,N
J,159,2.663545e-07,1.682083e+05,1.635971e+05,N
J,160,2.680234e-07,1.683707e+05,1.637596e+05,N
J,161,2.696923e-07,1.685922e+05,1.639811e+05,N
J,162,2.713612e-07,1.689920e+05,1.643809e+05,N
J,163,2.730301e-07,1.692855e+05,1.646744e+05,N
J,164,2.746990e-07,1.699769e+05,1.653658e+05,N
J,165,2.763679e-07,1.703177e+05,1.657066e+05,N
J,166,2.780368e-07,1.709850e+05,1.663738e+05,N
J,167,2.797057e-07,1.714724e+05,1.668613e+05,N
J,168,2.813746e-07,1.722533e+05,1.676421e+05,N
J,169,2.830435e-07,1.731506e+05,1.685394e+05,N
J,170,2.847124e-07,1.744256e+05,1.698144e+05,N
J,171,2.863813e-07,1.752270e+05,1.706158e+05,N
J,172,2.880502e-07,1.764411e+05,1.718299e+05,N
J,173,2.897191e-07,1.785041e+05,1.738929e+05,N
J,174,2.913880e-07,1.792774e+05,1.746662e+05,N
J,175,2.930569e-07,1.805876e+05,1.759764e+05,N
J,176,2.947258e-07,1.822312e+05,1.776201e+05,N
J,177,2.963946e-07,1.838909e+05,1.792798e+05,N
J,178,2.980635e-07,1.855997e+05,1.809886e+05,N
J,179,2.997324e-07,1.818300e+05,1.772189e+05,N
J,180,3.014013e-07,1.893821e+05,1.847709e+05,N
J,181,3.030702e-07,1.915452e+05,1.869341e+05,N
J,182,3.047391e-07,1.937510e+05,1.891398e+05,N
J,183,3.064080e-07,1.963268e+05,1.917156e+05,N
J,184,3.080769e-07,2.016926e+05,1.970814e+05,N
J,185,3.097458e-07,2.007622e+05,1.961510e+05,N
J,186,3.114147e-07,2.029109e+05,1.982997e+05,N
J,187,3.130836e-07,2.053973e+05,2.007862e+05,N
J,188,3.147525e-07,2.071397e+05,2.025286e+05,N
J,189,3.164214e-07,2.094509e+05,2.048397e+05,N
J,190,3.180903e-07,2.123676e+05,2.077564e+05,N
J,191,3.197592e-07,2.139716e+05,2.093605e+05,N
J,192,3.214281e-07,2.162261e+05,2.116149e+05,N
J,193,3.230970e-07,2.185392e+05,2.139281e+05,N
J,194,3.247659e-07,2.209591e+05,2.163479e+05,N
