B,I
-85,0
-84.95849,0.007847759
-84.91697,-0.2248599
-84.87546,1.870619
-84.83394,1.837481
-84.79243,1.871819
-84.75092,2.020152
-84.7094,2.177161
-84.66789,2.381825
-84.62637,2.419545
-84.58486,2.42318
-84.54335,2.421903
-84.50183,2.427
-84.46032,2.484401
-84.4188,2.598577
-84.37729,2.73877
-84.33578,2.874029
-84.29426,3.009119
-84.25275,3.089921
-84.21123,3.064295
-84.16972,3.02541
-84.12821,3.041342
-84.08669,3.069929
-84.04518,3.092512
-84.00366,3.146831
-83.96215,3.247837
-83.92063,3.395491
-83.87912,3.57316
-83.83761,3.772566
-83.79609,3.94404
-83.75458,4.016831
-83.71306,4.034819
-83.67155,4.058129
-83.63004,4.079761
-83.58852,4.086442
-83.54701,4.115784
-83.50549,4.167281
-83.46398,4.184279
-83.42247,4.170097
-83.38095,4.175745
-83.33944,4.251658
-83.29792,4.365997
-83.25641,4.442635
-83.2149,4.468278
-83.17338,4.455559
-83.13187,4.43986
-83.09035,4.447876
-83.04884,4.486195
-83.00733,4.538339
-82.96581,4.570447
-82.9243,4.597824
-82.88278,4.656978
-82.84127,4.735144
-82.79976,4.819319
-82.75824,4.918935
-82.71673,5.013825
-82.67521,5.092796
-82.6337,5.150411
-82.59219,5.195186
-82.55067,5.243521
-82.50916,5.328968
-82.46764,5.451596
-82.42613,5.570281
-82.38462,5.676448
-82.3431,5.8079
-82.30159,5.995592
-82.26007,6.250806
-82.21856,6.562445
-82.17705,6.899291
-82.13553,7.217175
-82.09402,7.475052
-82.0525,7.711113
-82.01099,7.966637
-81.96947,8.214324
-81.92796,8.434231
-81.88645,8.634328
-81.84493,8.804894
-81.80342,8.954762
-81.7619,9.090171
-81.72039,9.216536
-81.67888,9.303183
-81.63736,9.340097
-81.59585,9.366858
-81.55433,9.440546
-81.51282,9.573859
-81.47131,9.719595
-81.42979,9.846917
-81.38828,9.981157
-81.34676,10.15068
-81.30525,10.36203
-81.26374,10.59447
-81.22222,10.83696
-81.18071,11.07088
-81.13919,11.27705
-81.09768,11.49656
-81.05617,11.76149
-81.01465,12.0155
-80.97314,12.21249
-80.93162,12.38449
-80.89011,12.57034
-80.8486,12.7622
-80.80708,12.93596
-80.76557,13.08001
-80.72405,13.20149
-80.68254,13.31648
-80.64103,13.42385
-80.59951,13.5175
-80.558,13.59856
-80.51648,13.66236
-80.47497,13.70226
-80.43346,13.71736
-80.39194,13.76197
-80.35043,13.85005
-80.30891,13.96785
-80.2674,14.11131
-80.22589,14.23129
-80.18437,14.3357
-80.14286,14.44876
-80.10134,14.58194
-80.05983,14.69627
-80.01832,14.76359
-79.9768,14.79149
-79.93529,14.83051
-79.89377,14.91723
-79.85226,15.03953
-79.81074,15.19387
-79.76923,15.36622
-79.72772,15.5181
-79.6862,15.6542
-79.64469,15.78056
-79.60317,15.86332
-79.56166,15.88763
-79.52015,15.86606
-79.47863,15.8367
-79.43712,15.7853
-79.3956,15.72003
-79.35409,15.65139
-79.31258,15.5887
-79.27106,15.5405
-79.22955,15.50271
-79.18803,15.46459
-79.14652,15.44325
-79.10501,15.473
-79.06349,15.54566
-79.02198,15.62622
-78.98046,15.68804
-78.93895,15.74101
-78.89744,15.80605
-78.85592,15.87952
-78.81441,15.96991
-78.77289,16.10307
-78.73138,16.27764
-78.68987,16.48303
-78.64835,16.66832
-78.60684,16.81685
-78.56532,16.96345
-78.52381,17.12599
-78.4823,17.28004
-78.44078,17.39595
-78.39927,17.48584
-78.35775,17.58557
-78.31624,17.70804
-78.27473,17.8546
-78.23321,18.00426
-78.1917,18.14119
-78.15018,18.24852
-78.10867,18.32844
-78.06716,18.40219
-78.02564,18.49224
-77.98413,18.61974
-77.94261,18.78591
-77.9011,18.95142
-77.85958,19.0925
-77.81807,19.22245
-77.77656,19.3187
-77.73504,19.41408
-77.69353,19.53304
-77.65201,19.66501
-77.6105,19.81625
-77.56899,19.99835
-77.52747,20.18979
-77.48596,20.39869
-77.44444,20.60244
-77.40293,20.80279
-77.36142,20.99584
-77.3199,21.12935
-77.27839,21.2037
-77.23687,21.29543
-77.19536,21.42539
-77.15385,21.51361
-77.11233,21.53719
-77.07082,21.55296
-77.0293,21.57335
-76.98779,21.60449
-76.94628,21.6474
-76.90476,21.67234
-76.86325,21.71447
-76.82173,21.78763
-76.78022,21.85405
-76.73871,21.90504
-76.69719,21.99087
-76.65568,22.13147
-76.61416,22.29941
-76.57265,22.45179
-76.53114,22.58588
-76.48962,22.70446
-76.44811,22.83463
-76.40659,22.97928
-76.36508,23.12978
-76.32357,23.32268
-76.28205,23.56323
-76.24054,23.83206
-76.19902,24.1241
-76.15751,24.43723
-76.116,24.76765
-76.07448,25.14062
-76.03297,25.57781
-75.99145,26.07054
-75.94994,26.61099
-75.90842,27.19843
-75.86691,27.80164
-75.8254,28.4163
-75.78388,29.06705
-75.74237,29.77715
-75.70085,30.53737
-75.65934,31.32518
-75.61783,32.11486
-75.57631,32.89567
-75.5348,33.65541
-75.49328,34.42212
-75.45177,35.20501
-75.41026,36.01138
-75.36874,36.84701
-75.32723,37.71195
-75.28571,38.56417
-75.2442,39.37545
-75.20269,40.15088
-75.16117,40.91308
-75.11966,41.70599
-75.07814,42.5408
-75.03663,43.41066
-74.99512,44.33574
-74.9536,45.35275
-74.91209,46.43036
-74.87057,47.54174
-74.82906,48.66884
-74.78755,49.8238
-74.74603,51.00154
-74.70452,52.24016
-74.663,53.51044
-74.62149,54.79894
-74.57998,56.11233
-74.53846,57.4929
-74.49695,58.92203
-74.45543,60.39604
-74.41392,61.89723
-74.37241,63.43621
-74.33089,65.01402
-74.28938,66.6521
-74.24786,68.31783
-74.20635,69.98004
-74.16484,71.65755
-74.12332,73.35238
-74.08181,75.06037
-74.04029,76.76044
-73.99878,78.46226
-73.95726,80.15783
-73.91575,81.85476
-73.87424,83.52383
-73.83272,85.14648
-73.79121,86.70344
-73.74969,88.20385
-73.70818,89.65006
-73.66667,91.02689
-73.62515,92.29008
-73.58364,93.45855
-73.54212,94.51545
-73.50061,95.42443
-73.4591,96.17699
-73.41758,96.80009
-73.37607,97.26899
-73.33455,97.52725
-73.29304,97.57107
-73.25153,97.3807
-73.21001,96.94642
-73.1685,96.2944
-73.12698,95.37525
-73.08547,94.10743
-73.04396,92.50735
-73.00244,90.63487
-72.96093,88.47106
-72.91941,85.9841
-72.8779,83.12675
-72.83639,79.97897
-72.79487,76.54395
-72.75336,72.92656
-72.71184,69.08889
-72.67033,65.01424
-72.62882,60.6374
-72.5873,56.01844
-72.54579,51.17285
-72.50427,46.13931
-72.46276,40.92198
-72.42125,35.60203
-72.37973,30.12392
-72.33822,24.53191
-72.2967,18.84969
-72.25519,13.14866
-72.21368,7.41295
-72.17216,1.572655
-72.13065,-4.299033
-72.08913,-10.18415
-72.04762,-16.03142
-72.00611,-21.84822
-71.96459,-27.52547
-71.92308,-33.12512
-71.88156,-38.55638
-71.84005,-43.84834
-71.79853,-48.90808
-71.75702,-53.7375
-71.71551,-58.29173
-71.67399,-62.66003
-71.63248,-66.88041
-71.59096,-70.92059
-71.54945,-74.71257
-71.50794,-78.24432
-71.46642,-81.4983
-71.42491,-84.50231
-71.38339,-87.23544
-71.34188,-89.70902
-71.30037,-91.96399
-71.25885,-93.99986
-71.21734,-95.77763
-71.17582,-97.24961
-71.13431,-98.45164
-71.0928,-99.39791
-71.05128,-100.1142
-71.00977,-100.6191
-70.96825,-100.8861
-70.92674,-100.8984
-70.88523,-100.6854
-70.84371,-100.2625
-70.8022,-99.6419
-70.76068,-98.85266
-70.71917,-97.89069
-70.67766,-96.77648
-70.63614,-95.50844
-70.59463,-94.10574
-70.55311,-92.58606
-70.5116,-90.96167
-70.47009,-89.23729
-70.42857,-87.46325
-70.38706,-85.63329
-70.34554,-83.69964
-70.30403,-81.68767
-70.26252,-79.64444
-70.221,-77.56186
-70.17949,-75.45565
-70.13797,-73.3697
-70.09646,-71.29873
-70.05495,-69.22902
-70.01343,-67.14468
-69.97192,-65.07244
-69.9304,-63.04291
-69.88889,-61.09874
-69.84737,-59.21388
-69.80586,-57.40507
-69.76435,-55.59881
-69.72283,-53.79792
-69.68132,-52.02492
-69.6398,-50.32664
-69.59829,-48.70608
-69.55678,-47.14921
-69.51526,-45.57682
-69.47375,-44.00969
-69.43223,-42.48901
-69.39072,-41.07227
-69.34921,-39.76449
-69.30769,-38.55527
-69.26618,-37.40528
-69.22466,-36.30331
-69.18315,-35.2785
-69.14164,-34.35065
-69.10012,-33.5314
-69.05861,-32.7608
-69.01709,-31.98986
-68.97558,-31.24412
-68.93407,-30.55083
-68.89255,-29.88156
-68.85104,-29.2588
-68.80952,-28.64356
-68.76801,-28.02177
-68.7265,-27.4041
-68.68498,-26.80969
-68.64347,-26.22458
-68.60195,-25.64337
-68.56044,-25.08879
-68.51893,-24.57795
-68.47741,-24.09935
-68.4359,-23.67602
-68.39438,-23.30163
-68.35287,-22.95392
-68.31136,-22.61643
-68.26984,-22.30164
-68.22833,-22.01118
-68.18681,-21.71208
-68.1453,-21.37026
-68.10379,-20.96768
-68.06227,-20.49959
-68.02076,-19.99321
-67.97924,-19.4947
-67.93773,-19.00973
-67.89621,-18.52653
-67.8547,-18.03506
-67.81319,-17.58714
-67.77167,-17.19918
-67.73016,-16.82881
-67.68864,-16.46381
-67.64713,-16.12451
-67.60562,-15.80059
-67.5641,-15.50444
-67.52259,-15.22508
-67.48107,-14.93605
-67.43956,-14.65766
-67.39805,-14.41846
-67.35653,-14.20852
-67.31502,-14.00643
-67.2735,-13.78717
-67.23199,-13.5592
-67.19048,-13.32402
-67.14896,-13.08833
-67.10745,-12.85127
-67.06593,-12.58985
-67.02442,-12.31517
-66.98291,-12.05876
-66.94139,-11.81491
-66.89988,-11.56518
-66.85836,-11.34161
-66.81685,-11.16457
-66.77534,-11.06036
-66.73382,-11.02227
-66.69231,-10.99045
-66.65079,-10.93906
-66.60928,-10.87819
-66.56777,-10.84349
-66.52625,-10.85352
-66.48474,-10.86457
-66.44322,-10.85755
-66.40171,-10.83982
-66.3602,-10.79991
-66.31868,-10.7237
-66.27717,-10.62298
-66.23565,-10.50883
-66.19414,-10.39252
-66.15263,-10.28687
-66.11111,-10.17271
-66.0696,-10.03071
-66.02808,-9.862254
-65.98657,-9.703182
-65.94505,-9.583537
-65.90354,-9.500503
-65.86203,-9.436362
-65.82051,-9.393659
-65.779,-9.365663
-65.73748,-9.331116
-65.69597,-9.294498
-65.65446,-9.261859
-65.61294,-9.24211
-65.57143,-9.209055
-65.52991,-9.128079
-65.4884,-9.011047
-65.44689,-8.889164
-65.40537,-8.782066
-65.36386,-8.726677
-65.32234,-8.697771
-65.28083,-8.645978
-65.23932,-8.566537
-65.1978,-8.485128
-65.15629,-8.400127
-65.11477,-8.300189
-65.07326,-8.183208
-65.03175,-8.073685
-64.99023,-8.017025
-64.94872,-8.006253
-64.9072,-8.028815
-64.86569,-8.076657
-64.82418,-8.141846
-64.78266,-8.227455
-64.74115,-8.329464
-64.69963,-8.422341
-64.65812,-8.467086
-64.61661,-8.501336
-64.57509,-8.543116
-64.53358,-8.565519
-64.49206,-8.594364
-64.45055,-8.644501
-64.40904,-8.676231
-64.36752,-8.685111
-64.32601,-8.672436
-64.28449,-8.634686
-64.24298,-8.57457
-64.20147,-8.493485
-64.15995,-8.409873
-64.11844,-8.297297
-64.07692,-8.129738
-64.03541,-7.942786
-63.99389,-7.743591
-63.95238,-7.50507
-63.91087,-7.276697
-63.86935,-7.083008
-63.82784,-6.905501
-63.78632,-6.708865
-63.74481,-6.481064
-63.7033,-6.235729
-63.66178,-5.955862
-63.62027,-5.628206
-63.57875,-5.312612
-63.53724,-5.040743
-63.49573,-4.793332
-63.45421,-4.5702
-63.4127,-4.385929
-63.37118,-4.201066
-63.32967,-3.976314
-63.28816,-3.731696
-63.24664,-3.512133
-63.20513,-3.302598
-63.16361,-3.112137
-63.1221,-2.925638
-63.08059,-2.733452
-63.03907,-2.543221
-62.99756,-2.330407
-62.95604,-2.100188
-62.91453,-1.89556
-62.87302,-1.72657
-62.8315,-1.563357
-62.78999,-1.386779
-62.74847,-1.229713
-62.70696,-1.10855
-62.66545,-1.021165
-62.62393,-0.9637
-62.58242,-0.9156382
-62.5409,-0.8711765
-62.49939,-0.8489447
-62.45788,-0.8808969
-62.41636,-0.9642107
-62.37485,-1.072478
-62.33333,-1.205072
-62.29182,-1.325795
-62.25031,-1.407591
-62.20879,-1.470386
-62.16728,-1.535963
-62.12576,-1.604558
-62.08425,-1.643464
-62.04274,-1.636648
-62.00122,-1.629777
-61.95971,-1.622336
-61.91819,-1.591503
-61.87668,-1.515952
-61.83516,-1.375555
-61.79365,-1.196134
-61.75214,-1.022404
-61.71062,-0.8781202
-61.66911,-0.7569025
-61.62759,-0.6257315
-61.58608,-0.4739991
-61.54457,-0.3174138
-61.50305,-0.1467666
-61.46154,0.07476327
-61.42002,0.3530411
-61.37851,0.6657146
-61.337,0.9919386
-61.29548,1.32471
-61.25397,1.633937
-61.21245,1.919425
-61.17094,2.156053
-61.12943,2.34159
-61.08791,2.493604
-61.0464,2.622405
-61.00488,2.742611
-60.96337,2.843825
-60.92186,2.919786
-60.88034,2.98764
-60.83883,3.087454
-60.79731,3.226531
-60.7558,3.372425
-60.71429,3.508152
-60.67277,3.646511
-60.63126,3.761255
-60.58974,3.857007
-60.54823,3.957644
-60.50672,4.047757
-60.4652,4.14486
-60.42369,4.24809
-60.38217,4.332121
-60.34066,4.412963
-60.29915,4.503074
-60.25763,4.564964
-60.21612,4.577622
-60.1746,4.572312
-60.13309,4.552765
-60.09158,4.554116
-60.05006,4.603177
-60.00855,4.70945
-59.96703,4.881533
-59.92552,5.073689
-59.884,5.250696
-59.84249,5.405513
-59.80098,5.501551
-59.75946,5.540915
-59.71795,5.539163
-59.67643,5.506654
-59.63492,5.462343
-59.59341,5.398869
-59.55189,5.319001
-59.51038,5.212342
-59.46886,5.084923
-59.42735,4.967226
-59.38584,4.854781
-59.34432,4.74384
-59.30281,4.648778
-59.26129,4.590872
-59.21978,4.578002
-59.17827,4.623064
-59.13675,4.717417
-59.09524,4.832071
-59.05372,4.979626
-59.01221,5.182884
-58.9707,5.395911
-58.92918,5.549593
-58.88767,5.62784
-58.84615,5.665533
-58.80464,5.702816
-58.76313,5.742854
-58.72161,5.796486
-58.6801,5.864572
-58.63858,5.956256
-58.59707,6.06839
-58.55556,6.196236
-58.51404,6.328667
-58.47253,6.473554
-58.43101,6.613455
-58.3895,6.719765
-58.34799,6.776142
-58.30647,6.781897
-58.26496,6.769901
-58.22344,6.797262
-58.18193,6.882835
-58.14042,7.017008
-58.0989,7.181681
-58.05739,7.375781
-58.01587,7.590438
-57.97436,7.844577
-57.93284,8.113797
-57.89133,8.342449
-57.84982,8.524264
-57.8083,8.658552
-57.76679,8.732256
-57.72527,8.790056
-57.68376,8.856195
-57.64225,8.932409
-57.60073,9.006453
-57.55922,9.045969
-57.5177,9.075074
-57.47619,9.123916
-57.43468,9.189719
-57.39316,9.259703
-57.35165,9.293743
-57.31013,9.28155
-57.26862,9.240763
-57.22711,9.181185
-57.18559,9.129614
-57.14408,9.066858
-57.10256,8.971024
-57.06105,8.857029
-57.01954,8.719489
-56.97802,8.545531
-56.93651,8.369608
-56.89499,8.199279
-56.85348,8.041057
-56.81197,7.912817
-56.77045,7.811967
-56.72894,7.728047
-56.68742,7.652845
-56.64591,7.558877
-56.6044,7.432578
-56.56288,7.277286
-56.52137,7.108322
-56.47985,6.93614
-56.43834,6.728379
-56.39683,6.465218
-56.35531,6.161321
-56.3138,5.862938
-56.27228,5.618449
-56.23077,5.446135
-56.18926,5.334547
-56.14774,5.254208
-56.10623,5.177533
-56.06471,5.099379
-56.0232,5.041817
-55.98168,5.033443
-55.94017,5.0746
-55.89866,5.161438
-55.85714,5.264501
-55.81563,5.358046
-55.77411,5.458426
-55.7326,5.557881
-55.69109,5.651858
-55.64957,5.756532
-55.60806,5.896999
-55.56654,6.092741
-55.52503,6.304595
-55.48352,6.482895
-55.442,6.620018
-55.40049,6.755474
-55.35897,6.946898
-55.31746,7.189379
-55.27595,7.44974
-55.23443,7.728734
-55.19292,8.011537
-55.1514,8.281373
-55.10989,8.52967
-55.06838,8.730474
-55.02686,8.889179
-54.98535,9.032087
-54.94383,9.172422
-54.90232,9.293533
-54.86081,9.387457
-54.81929,9.464621
-54.77778,9.528897
-54.73626,9.58799
-54.69475,9.628228
-54.65324,9.628997
-54.61172,9.582966
-54.57021,9.4912
-54.52869,9.363811
-54.48718,9.210727
-54.44567,9.03873
-54.40415,8.856952
-54.36264,8.689134
-54.32112,8.546538
-54.27961,8.42179
-54.2381,8.324669
-54.19658,8.290135
-54.15507,8.284485
-54.11355,8.271068
-54.07204,8.285
-54.03053,8.330519
-53.98901,8.40074
-53.9475,8.475556
-53.90598,8.537564
-53.86447,8.560279
-53.82295,8.549357
-53.78144,8.530538
-53.73993,8.514573
-53.69841,8.521361
-53.6569,8.560315
-53.61538,8.610821
-53.57387,8.684858
-53.53236,8.777115
-53.49084,8.855044
-53.44933,8.917277
-53.40781,8.966505
-53.3663,8.988673
-53.32479,8.995377
-53.28327,9.005511
-53.24176,9.024819
-53.20024,9.087777
-53.15873,9.195879
-53.11722,9.343262
-53.0757,9.522812
-53.03419,9.664891
-52.99267,9.695467
-52.95116,9.638595
-52.90965,9.56854
-52.86813,9.533366
-52.82662,9.544693
-52.7851,9.588524
-52.74359,9.637645
-52.70208,9.667869
-52.66056,9.685541
-52.61905,9.724009
-52.57753,9.792478
-52.53602,9.878272
-52.49451,9.97752
-52.45299,10.09735
-52.41148,10.22772
-52.36996,10.3293
-52.32845,10.42309
-52.28694,10.50984
-52.24542,10.54575
-52.20391,10.51288
-52.16239,10.42554
-52.12088,10.31038
-52.07937,10.19759
-52.03785,10.07137
-51.99634,9.914772
-51.95482,9.736546
-51.91331,9.545264
-51.87179,9.369844
-51.83028,9.255209
-51.78877,9.237057
-51.74725,9.274902
-51.70574,9.339737
-51.66422,9.443305
-51.62271,9.586214
-51.5812,9.716712
-51.53968,9.780148
-51.49817,9.77884
-51.45665,9.7671
-51.41514,9.78051
-51.37363,9.826387
-51.33211,9.920244
-51.2906,10.04794
-51.24908,10.15916
-51.20757,10.25182
-51.16606,10.33383
-51.12454,10.42539
-51.08303,10.53359
-51.04151,10.65217
-51,10.75303
-50.95849,10.79836
-50.91697,10.80147
-50.87546,10.76871
-50.83394,10.67962
-50.79243,10.55459
-50.75092,10.45935
-50.7094,10.41159
-50.66789,10.40404
-50.62637,10.44736
-50.58486,10.51621
-50.54335,10.57169
-50.50183,10.63491
-50.46032,10.73775
-50.4188,10.86802
-50.37729,10.99089
-50.33578,11.08941
-50.29426,11.17065
-50.25275,11.24268
-50.21123,11.31637
-50.16972,11.4091
-50.12821,11.5043
-50.08669,11.57142
-50.04518,11.62222
-50.00366,11.68572
-49.96215,11.74369
-49.92063,11.80984
-49.87912,11.88842
-49.83761,11.99231
-49.79609,12.14031
-49.75458,12.3093
-49.71306,12.46456
-49.67155,12.62439
-49.63004,12.81445
-49.58852,13.02579
-49.54701,13.22221
-49.50549,13.41133
-49.46398,13.59386
-49.42247,13.76952
-49.38095,13.94282
-49.33944,14.08252
-49.29792,14.16322
-49.25641,14.18755
-49.2149,14.14945
-49.17338,14.06553
-49.13187,13.97865
-49.09035,13.90085
-49.04884,13.78897
-49.00733,13.63658
-48.96581,13.47709
-48.9243,13.31765
-48.88278,13.16968
-48.84127,13.02034
-48.79976,12.85344
-48.75824,12.69443
-48.71673,12.58062
-48.67521,12.54011
-48.6337,12.54603
-48.59219,12.5528
-48.55067,12.53871
-48.50916,12.51219
-48.46764,12.49024
-48.42613,12.48607
-48.38462,12.51431
-48.3431,12.57823
-48.30159,12.64167
-48.26007,12.70452
-48.21856,12.80045
-48.17705,12.93501
-48.13553,13.09793
-48.09402,13.2626
-48.0525,13.44117
-48.01099,13.62144
-47.96947,13.77023
-47.92796,13.91799
-47.88645,14.08703
-47.84493,14.24007
-47.80342,14.33276
-47.7619,14.36702
-47.72039,14.35974
-47.67888,14.32308
-47.63736,14.2864
-47.59585,14.26527
-47.55433,14.28014
-47.51282,14.34783
-47.47131,14.44907
-47.42979,14.56538
-47.38828,14.71905
-47.34676,14.88547
-47.30525,15.00996
-47.26374,15.08883
-47.22222,15.15156
-47.18071,15.18531
-47.13919,15.21148
-47.09768,15.25514
-47.05617,15.31341
-47.01465,15.38081
-46.97314,15.43606
-46.93162,15.45278
-46.89011,15.46302
-46.8486,15.49234
-46.80708,15.52457
-46.76557,15.55998
-46.72405,15.59943
-46.68254,15.63784
-46.64103,15.64472
-46.59951,15.63618
-46.558,15.63864
-46.51648,15.66155
-46.47497,15.69861
-46.43346,15.74763
-46.39194,15.83725
-46.35043,15.92268
-46.30891,15.97706
-46.2674,16.02932
-46.22589,16.0813
-46.18437,16.15274
-46.14286,16.25423
-46.10134,16.35828
-46.05983,16.4435
-46.01832,16.50101
-45.9768,16.53289
-45.93529,16.54492
-45.89377,16.55361
-45.85226,16.57425
-45.81074,16.59108
-45.76923,16.60943
-45.72772,16.62352
-45.6862,16.64019
-45.64469,16.66519
-45.60317,16.71753
-45.56166,16.80406
-45.52015,16.91958
-45.47863,17.02922
-45.43712,17.08797
-45.3956,17.1118
-45.35409,17.10788
-45.31258,17.10488
-45.27106,17.14282
-45.22955,17.22345
-45.18803,17.33147
-45.14652,17.44709
-45.10501,17.564
-45.06349,17.63482
-45.02198,17.62587
-44.98046,17.56287
-44.93895,17.49185
-44.89744,17.43502
-44.85592,17.39077
-44.81441,17.39648
-44.77289,17.46065
-44.73138,17.53138
-44.68987,17.59375
-44.64835,17.64527
-44.60684,17.68197
-44.56532,17.69842
-44.52381,17.7072
-44.4823,17.73438
-44.44078,17.75781
-44.39927,17.77483
-44.35775,17.77461
-44.31624,17.74638
-44.27473,17.70215
-44.23321,17.65838
-44.1917,17.61554
-44.15018,17.55535
-44.10867,17.48431
-44.06716,17.43361
-44.02564,17.43704
-43.98413,17.47915
-43.94261,17.57918
-43.9011,17.77294
-43.85958,18.03854
-43.81807,18.30409
-43.77656,18.51928
-43.73504,18.70342
-43.69353,18.8829
-43.65201,19.07841
-43.6105,19.31636
-43.56899,19.55178
-43.52747,19.75153
-43.48596,19.98167
-43.44444,20.26384
-43.40293,20.51117
-43.36142,20.67731
-43.3199,20.78553
-43.27839,20.87982
-43.23687,20.96556
-43.19536,21.03314
-43.15385,21.06321
-43.11233,21.04367
-43.07082,20.99362
-43.0293,20.94356
-42.98779,20.89053
-42.94628,20.85049
-42.90476,20.82254
-42.86325,20.75564
-42.82173,20.64652
-42.78022,20.52088
-42.73871,20.37728
-42.69719,20.23289
-42.65568,20.10497
-42.61416,19.9956
-42.57265,19.89182
-42.53114,19.78541
-42.48962,19.69675
-42.44811,19.66151
-42.40659,19.68694
-42.36508,19.75589
-42.32357,19.86232
-42.28205,20.0041
-42.24054,20.14211
-42.19902,20.21406
-42.15751,20.2461
-42.116,20.28091
-42.07448,20.3371
-42.03297,20.41898
-41.99145,20.52063
-41.94994,20.64353
-41.90842,20.7469
-41.86691,20.81855
-41.8254,20.87517
-41.78388,20.93728
-41.74237,21.00472
-41.70085,21.07266
-41.65934,21.13172
-41.61783,21.17354
-41.57631,21.19872
-41.5348,21.20142
-41.49328,21.2202
-41.45177,21.27978
-41.41026,21.33566
-41.36874,21.3493
-41.32723,21.34336
-41.28571,21.34469
-41.2442,21.33572
-41.20269,21.32391
-41.16117,21.35095
-41.11966,21.44453
-41.07814,21.59612
-41.03663,21.7621
-40.99512,21.93745
-40.9536,22.10981
-40.91209,22.2543
-40.87057,22.38465
-40.82906,22.51986
-40.78755,22.65622
-40.74603,22.79617
-40.70452,22.92074
-40.663,23.01946
-40.62149,23.11168
-40.57998,23.22739
-40.53846,23.37833
-40.49695,23.52944
-40.45543,23.66622
-40.41392,23.79711
-40.37241,23.9024
-40.33089,23.9623
-40.28938,23.98713
-40.24786,24.00384
-40.20635,24.00038
-40.16484,23.9166
-40.12332,23.77432
-40.08181,23.63341
-40.04029,23.51223
-39.99878,23.42614
-39.95726,23.37973
-39.91575,23.36553
-39.87424,23.39599
-39.83272,23.45973
-39.79121,23.52869
-39.74969,23.59678
-39.70818,23.65238
-39.66667,23.72289
-39.62515,23.84958
-39.58364,23.98091
-39.54212,24.0605
-39.50061,24.09476
-39.4591,24.1018
-39.41758,24.11346
-39.37607,24.16317
-39.33455,24.23869
-39.29304,24.29978
-39.25153,24.3219
-39.21001,24.31647
-39.1685,24.29579
-39.12698,24.25934
-39.08547,24.22974
-39.04396,24.20149
-39.00244,24.16382
-38.96093,24.12607
-38.91941,24.08956
-38.8779,24.06094
-38.83639,24.07093
-38.79487,24.10987
-38.75336,24.16197
-38.71184,24.26138
-38.67033,24.39917
-38.62882,24.52782
-38.5873,24.61328
-38.54579,24.67135
-38.50427,24.72743
-38.46276,24.77931
-38.42125,24.82778
-38.37973,24.88764
-38.33822,24.9261
-38.2967,24.91847
-38.25519,24.84389
-38.21368,24.73555
-38.17216,24.64561
-38.13065,24.58692
-38.08913,24.57045
-38.04762,24.6029
-38.00611,24.6941
-37.96459,24.85157
-37.92308,25.06673
-37.88156,25.31507
-37.84005,25.57958
-37.79853,25.80848
-37.75702,25.96824
-37.71551,26.06855
-37.67399,26.15682
-37.63248,26.26206
-37.59096,26.40021
-37.54945,26.54572
-37.50794,26.68035
-37.46642,26.80933
-37.42491,26.94142
-37.38339,27.08136
-37.34188,27.20552
-37.30037,27.26703
-37.25885,27.2569
-37.21734,27.21208
-37.17582,27.17054
-37.13431,27.11927
-37.0928,27.05595
-37.05128,27.00945
-37.00977,26.9864
-36.96825,26.99254
-36.92674,27.06534
-36.88523,27.20543
-36.84371,27.3896
-36.8022,27.59717
-36.76068,27.82654
-36.71917,28.09183
-36.67766,28.37566
-36.63614,28.6721
-36.59463,28.96026
-36.55311,29.24806
-36.5116,29.52871
-36.47009,29.73797
-36.42857,29.84798
-36.38706,29.88535
-36.34554,29.90463
-36.30403,29.90718
-36.26252,29.87854
-36.221,29.82699
-36.17949,29.76502
-36.13797,29.73001
-36.09646,29.72216
-36.05495,29.71686
-36.01343,29.69219
-35.97192,29.63613
-35.9304,29.55682
-35.88889,29.51916
-35.84737,29.5669
-35.80586,29.63869
-35.76435,29.67671
-35.72283,29.69511
-35.68132,29.72756
-35.6398,29.7732
-35.59829,29.78039
-35.55678,29.74144
-35.51526,29.71131
-35.47375,29.71508
-35.43223,29.74567
-35.39072,29.78725
-35.34921,29.8236
-35.30769,29.8493
-35.26618,29.85069
-35.22466,29.83053
-35.18315,29.77988
-35.14164,29.68488
-35.10012,29.56514
-35.05861,29.46223
-35.01709,29.39708
-34.97558,29.37965
-34.93407,29.37884
-34.89255,29.37622
-34.85104,29.38635
-34.80952,29.41323
-34.76801,29.46486
-34.7265,29.56255
-34.68498,29.67568
-34.64347,29.78322
-34.60195,29.87054
-34.56044,29.96338
-34.51893,30.05341
-34.47741,30.10034
-34.4359,30.10293
-34.39438,30.10253
-34.35287,30.11524
-34.31136,30.13756
-34.26984,30.16334
-34.22833,30.17368
-34.18681,30.18541
-34.1453,30.22834
-34.10379,30.3006
-34.06227,30.39576
-34.02076,30.52058
-33.97924,30.66729
-33.93773,30.799
-33.89621,30.92167
-33.8547,31.04014
-33.81319,31.13209
-33.77167,31.21879
-33.73016,31.32096
-33.68864,31.42968
-33.64713,31.54114
-33.60562,31.66137
-33.5641,31.81315
-33.52259,31.96852
-33.48107,32.10725
-33.43956,32.24795
-33.39805,32.38437
-33.35653,32.52246
-33.31502,32.66745
-33.2735,32.79526
-33.23199,32.90932
-33.19048,33.03676
-33.14896,33.18165
-33.10745,33.34698
-33.06593,33.56314
-33.02442,33.80259
-32.98291,34.01715
-32.94139,34.1714
-32.89988,34.28222
-32.85836,34.37053
-32.81685,34.42246
-32.77534,34.45521
-32.73382,34.50941
-32.69231,34.57523
-32.65079,34.62293
-32.60928,34.66104
-32.56777,34.70394
-32.52625,34.76053
-32.48474,34.82392
-32.44322,34.88745
-32.40171,34.96635
-32.3602,35.04806
-32.31868,35.11015
-32.27717,35.16469
-32.23565,35.2156
-32.19414,35.2544
-32.15263,35.27828
-32.11111,35.29078
-32.0696,35.29916
-32.02808,35.30499
-31.98657,35.29748
-31.94505,35.26814
-31.90354,35.2409
-31.86203,35.24427
-31.82051,35.28748
-31.779,35.34725
-31.73748,35.40527
-31.69597,35.44966
-31.65446,35.4735
-31.61294,35.46395
-31.57143,35.43542
-31.52991,35.43444
-31.4884,35.48537
-31.44689,35.55091
-31.40537,35.6012
-31.36386,35.64914
-31.32234,35.70996
-31.28083,35.81476
-31.23932,35.97085
-31.1978,36.15826
-31.15629,36.37121
-31.11477,36.63344
-31.07326,36.94553
-31.03175,37.26506
-30.99023,37.52954
-30.94872,37.71445
-30.9072,37.8513
-30.86569,37.96388
-30.82418,38.04986
-30.78266,38.11062
-30.74115,38.16823
-30.69963,38.22324
-30.65812,38.26351
-30.61661,38.3152
-30.57509,38.36888
-30.53358,38.40833
-30.49206,38.4281
-30.45055,38.39994
-30.40904,38.30628
-30.36752,38.17881
-30.32601,38.05855
-30.28449,37.96173
-30.24298,37.89757
-30.20147,37.83197
-30.15995,37.72421
-30.11844,37.56993
-30.07692,37.39698
-30.03541,37.24458
-29.99389,37.13287
-29.95238,37.06484
-29.91087,37.03995
-29.86935,37.05363
-29.82784,37.1147
-29.78632,37.21541
-29.74481,37.3376
-29.7033,37.49834
-29.66178,37.68866
-29.62027,37.89174
-29.57875,38.11741
-29.53724,38.36246
-29.49573,38.5664
-29.45421,38.72003
-29.4127,38.8716
-29.37118,39.02953
-29.32967,39.20219
-29.28816,39.4052
-29.24664,39.61153
-29.20513,39.82104
-29.16361,40.03675
-29.1221,40.24981
-29.08059,40.45354
-29.03907,40.65139
-28.99756,40.89529
-28.95604,41.1767
-28.91453,41.45544
-28.87302,41.73965
-28.8315,42.02061
-28.78999,42.30451
-28.74847,42.56529
-28.70696,42.80774
-28.66545,43.03074
-28.62393,43.23863
-28.58242,43.45883
-28.5409,43.71734
-28.49939,43.98267
-28.45788,44.22335
-28.41636,44.43033
-28.37485,44.61987
-28.33333,44.79605
-28.29182,44.94095
-28.25031,45.05731
-28.20879,45.17907
-28.16728,45.30043
-28.12576,45.36015
-28.08425,45.3638
-28.04274,45.37376
-28.00122,45.41823
-27.95971,45.4345
-27.91819,45.40271
-27.87668,45.36379
-27.83516,45.28378
-27.79365,45.16268
-27.75214,45.06052
-27.71062,45.03552
-27.66911,45.0999
-27.62759,45.20526
-27.58608,45.3095
-27.54457,45.39401
-27.50305,45.46405
-27.46154,45.5443
-27.42002,45.63006
-27.37851,45.71006
-27.337,45.76653
-27.29548,45.76671
-27.25397,45.73868
-27.21245,45.71627
-27.17094,45.72235
-27.12943,45.75147
-27.08791,45.78814
-27.0464,45.80694
-27.00488,45.78931
-26.96337,45.75084
-26.92186,45.71734
-26.88034,45.70699
-26.83883,45.74179
-26.79731,45.81465
-26.7558,45.92343
-26.71429,46.04897
-26.67277,46.16868
-26.63126,46.26617
-26.58974,46.33637
-26.54823,46.40364
-26.50672,46.48935
-26.4652,46.61281
-26.42369,46.80094
-26.38217,47.02971
-26.34066,47.29815
-26.29915,47.6045
-26.25763,47.89306
-26.21612,48.11099
-26.1746,48.24101
-26.13309,48.29404
-26.09158,48.32689
-26.05006,48.36642
-26.00855,48.41924
-25.96703,48.47444
-25.92552,48.50692
-25.884,48.53024
-25.84249,48.57064
-25.80098,48.60702
-25.75946,48.61137
-25.71795,48.6027
-25.67643,48.60724
-25.63492,48.60662
-25.59341,48.57687
-25.55189,48.55356
-25.51038,48.54276
-25.46886,48.52506
-25.42735,48.53229
-25.38584,48.55668
-25.34432,48.57829
-25.30281,48.60646
-25.26129,48.6166
-25.21978,48.57276
-25.17827,48.48493
-25.13675,48.41692
-25.09524,48.37843
-25.05372,48.34344
-25.01221,48.32831
-24.9707,48.35436
-24.92918,48.39345
-24.88767,48.43796
-24.84615,48.50578
-24.80464,48.61003
-24.76313,48.69703
-24.72161,48.76625
-24.6801,48.86261
-24.63858,49.0031
-24.59707,49.16642
-24.55556,49.31211
-24.51404,49.43633
-24.47253,49.57611
-24.43101,49.72755
-24.3895,49.91827
-24.34799,50.16414
-24.30647,50.45229
-24.26496,50.72856
-24.22344,50.95373
-24.18193,51.15363
-24.14042,51.36708
-24.0989,51.59593
-24.05739,51.84691
-24.01587,52.1088
-23.97436,52.38518
-23.93284,52.69788
-23.89133,53.02344
-23.84982,53.31743
-23.8083,53.59836
-23.76679,53.90417
-23.72527,54.22602
-23.68376,54.55368
-23.64225,54.86229
-23.60073,55.16131
-23.55922,55.4527
-23.5177,55.71041
-23.47619,55.91613
-23.43468,56.08639
-23.39316,56.22263
-23.35165,56.31516
-23.31013,56.3572
-23.26862,56.38485
-23.22711,56.45339
-23.18559,56.56063
-23.14408,56.65782
-23.10256,56.71395
-23.06105,56.76604
-23.01954,56.87264
-22.97802,57.01343
-22.93651,57.14389
-22.89499,57.24709
-22.85348,57.34293
-22.81197,57.41913
-22.77045,57.46662
-22.72894,57.50414
-22.68742,57.54587
-22.64591,57.59803
-22.6044,57.63823
-22.56288,57.64208
-22.52137,57.63763
-22.47985,57.63243
-22.43834,57.61857
-22.39683,57.62967
-22.35531,57.68197
-22.3138,57.75818
-22.27228,57.85241
-22.23077,57.958
-22.18926,58.08193
-22.14774,58.24085
-22.10623,58.42018
-22.06471,58.61726
-22.0232,58.79262
-21.98168,58.91224
-21.94017,58.98723
-21.89866,59.05169
-21.85714,59.14406
-21.81563,59.2713
-21.77411,59.40191
-21.7326,59.51405
-21.69109,59.62518
-21.64957,59.75266
-21.60806,59.85706
-21.56654,59.91454
-21.52503,59.97367
-21.48352,60.06673
-21.442,60.21842
-21.40049,60.42158
-21.35897,60.65463
-21.31746,60.90711
-21.27595,61.20857
-21.23443,61.50566
-21.19292,61.77892
-21.1514,62.04963
-21.10989,62.2991
-21.06838,62.50487
-21.02686,62.6734
-20.98535,62.82383
-20.94383,62.97846
-20.90232,63.12814
-20.86081,63.2574
-20.81929,63.35155
-20.77778,63.43445
-20.73626,63.56258
-20.69475,63.73072
-20.65324,63.89235
-20.61172,64.05034
-20.57021,64.16693
-20.52869,64.24026
-20.48718,64.34046
-20.44567,64.48132
-20.40415,64.65098
-20.36264,64.82411
-20.32112,64.97897
-20.27961,65.1508
-20.2381,65.35887
-20.19658,65.56469
-20.15507,65.7712
-20.11355,65.96548
-20.07204,66.12596
-20.03053,66.25664
-19.98901,66.40873
-19.9475,66.60905
-19.90598,66.84364
-19.86447,67.08712
-19.82295,67.3095
-19.78144,67.48153
-19.73993,67.57602
-19.69841,67.58943
-19.6569,67.58655
-19.61538,67.62085
-19.57387,67.66674
-19.53236,67.72497
-19.49084,67.80512
-19.44933,67.91591
-19.40781,68.07658
-19.3663,68.26375
-19.32479,68.44153
-19.28327,68.61772
-19.24176,68.78878
-19.20024,68.96074
-19.15873,69.13138
-19.11722,69.26739
-19.0757,69.39627
-19.03419,69.55757
-18.99267,69.77002
-18.95116,70.01226
-18.90965,70.25361
-18.86813,70.48608
-18.82662,70.66539
-18.7851,70.80464
-18.74359,70.94021
-18.70208,71.06858
-18.66056,71.19843
-18.61905,71.34084
-18.57753,71.50277
-18.53602,71.67425
-18.49451,71.84803
-18.45299,72.03224
-18.41148,72.21263
-18.36996,72.37268
-18.32845,72.52698
-18.28694,72.69099
-18.24542,72.87727
-18.20391,73.1164
-18.16239,73.43179
-18.12088,73.7702
-18.07937,74.08984
-18.03785,74.39296
-17.99634,74.67772
-17.95482,74.93568
-17.91331,75.1751
-17.87179,75.42535
-17.83028,75.69881
-17.78877,75.98615
-17.74725,76.29293
-17.70574,76.61608
-17.66422,76.92673
-17.62271,77.19258
-17.5812,77.42612
-17.53968,77.60647
-17.49817,77.76457
-17.45665,77.91977
-17.41514,78.05456
-17.37363,78.16298
-17.33211,78.24457
-17.2906,78.29672
-17.24908,78.36894
-17.20757,78.4996
-17.16606,78.65664
-17.12454,78.81827
-17.08303,78.99979
-17.04151,79.20379
-17,79.41264
-16.95849,79.61598
-16.91697,79.80283
-16.87546,79.984
-16.83394,80.15642
-16.79243,80.32549
-16.75092,80.49914
-16.7094,80.68328
-16.66789,80.85421
-16.62637,80.99105
-16.58486,81.11377
-16.54335,81.25264
-16.50183,81.39644
-16.46032,81.53954
-16.4188,81.66634
-16.37729,81.77501
-16.33578,81.89983
-16.29426,82.06414
-16.25275,82.23407
-16.21123,82.40068
-16.16972,82.56262
-16.12821,82.73432
-16.08669,82.91796
-16.04518,83.09328
-16.00366,83.26355
-15.96215,83.44251
-15.92063,83.63953
-15.87912,83.86049
-15.83761,84.0874
-15.79609,84.3068
-15.75458,84.51188
-15.71306,84.71652
-15.67155,84.95615
-15.63004,85.25088
-15.58852,85.59382
-15.54701,85.96032
-15.50549,86.32056
-15.46398,86.64587
-15.42247,86.98303
-15.38095,87.3509
-15.33944,87.70852
-15.29792,88.00711
-15.25641,88.27697
-15.2149,88.5144
-15.17338,88.68389
-15.13187,88.79257
-15.09035,88.91675
-15.04884,89.07659
-15.00733,89.25547
-14.96581,89.47035
-14.9243,89.72305
-14.88278,90.00713
-14.84127,90.2697
-14.79976,90.5017
-14.75824,90.75583
-14.71673,91.06846
-14.67521,91.42833
-14.6337,91.81292
-14.59219,92.24484
-14.55067,92.74699
-14.50916,93.2708
-14.46764,93.76701
-14.42613,94.19984
-14.38462,94.59534
-14.3431,94.96393
-14.30159,95.30992
-14.26007,95.63965
-14.21856,95.93884
-14.17705,96.19627
-14.13553,96.4398
-14.09402,96.72268
-14.0525,97.03982
-14.01099,97.33008
-13.96947,97.55752
-13.92796,97.74304
-13.88645,97.90071
-13.84493,98.02575
-13.80342,98.16156
-13.7619,98.33419
-13.72039,98.51704
-13.67888,98.70014
-13.63736,98.9228
-13.59585,99.1984
-13.55433,99.51491
-13.51282,99.86301
-13.47131,100.2157
-13.42979,100.5593
-13.38828,100.8758
-13.34676,101.1678
-13.30525,101.4436
-13.26374,101.7086
-13.22222,101.9499
-13.18071,102.1895
-13.13919,102.4485
-13.09768,102.7134
-13.05617,102.9899
-13.01465,103.2957
-12.97314,103.5887
-12.93162,103.8466
-12.89011,104.0646
-12.8486,104.2301
-12.80708,104.3585
-12.76557,104.5271
-12.72405,104.7634
-12.68254,105.0513
-12.64103,105.3727
-12.59951,105.705
-12.558,106.0493
-12.51648,106.402
-12.47497,106.7338
-12.43346,107.0278
-12.39194,107.3128
-12.35043,107.5921
-12.30891,107.8736
-12.2674,108.1767
-12.22589,108.5451
-12.18437,108.9846
-12.14286,109.4603
-12.10134,109.9123
-12.05983,110.2993
-12.01832,110.5952
-11.9768,110.8659
-11.93529,111.1328
-11.89377,111.3928
-11.85226,111.6497
-11.81074,111.9
-11.76923,112.1244
-11.72772,112.3296
-11.6862,112.5415
-11.64469,112.7049
-11.60317,112.8047
-11.56166,112.9021
-11.52015,113.0131
-11.47863,113.1363
-11.43712,113.2768
-11.3956,113.4364
-11.35409,113.6192
-11.31258,113.8222
-11.27106,114.052
-11.22955,114.299
-11.18803,114.5456
-11.14652,114.7825
-11.10501,115.0264
-11.06349,115.3049
-11.02198,115.6398
-10.98046,116.0046
-10.93895,116.3595
-10.89744,116.6875
-10.85592,117.0124
-10.81441,117.3334
-10.77289,117.6112
-10.73138,117.8412
-10.68987,118.0848
-10.64835,118.4135
-10.60684,118.8129
-10.56532,119.2392
-10.52381,119.7039
-10.4823,120.2024
-10.44078,120.7048
-10.39927,121.1724
-10.35775,121.61
-10.31624,122.0212
-10.27473,122.4151
-10.23321,122.8019
-10.1917,123.1666
-10.15018,123.4909
-10.10867,123.8002
-10.06716,124.1367
-10.02564,124.4878
-9.984127,124.8357
-9.942613,125.1766
-9.901099,125.5314
-9.859585,125.8888
-9.818071,126.2312
-9.776557,126.5367
-9.735043,126.8097
-9.693529,127.0709
-9.652015,127.3199
-9.610501,127.538
-9.568987,127.7543
-9.527473,128.0151
-9.485958,128.3096
-9.444444,128.6352
-9.40293,129.0243
-9.361416,129.4642
-9.319902,129.9246
-9.278388,130.3827
-9.236874,130.8374
-9.19536,131.3273
-9.153846,131.8756
-9.112332,132.4506
-9.070818,133.0143
-9.029304,133.5661
-8.98779,134.1058
-8.946276,134.6076
-8.904762,135.0443
-8.863248,135.4212
-8.821734,135.7579
-8.78022,136.1073
-8.738706,136.5001
-8.697192,136.928
-8.655678,137.3572
-8.614164,137.7619
-8.57265,138.1115
-8.531136,138.4081
-8.489621,138.6693
-8.448107,138.9036
-8.406593,139.1077
-8.365079,139.3232
-8.323565,139.6013
-8.282051,139.9774
-8.240537,140.4051
-8.199023,140.8044
-8.157509,141.1815
-8.115995,141.5972
-8.074481,142.032
-8.032967,142.4242
-7.991453,142.7869
-7.949939,143.1456
-7.908425,143.4839
-7.866911,143.7837
-7.825397,144.0598
-7.783883,144.3318
-7.742369,144.6198
-7.700855,144.8752
-7.659341,145.0592
-7.617827,145.1931
-7.576313,145.2939
-7.534799,145.3553
-7.493284,145.3726
-7.45177,145.3649
-7.410256,145.3478
-7.368742,145.3333
-7.327228,145.326
-7.285714,145.3162
-7.2442,145.3166
-7.202686,145.3418
-7.161172,145.3942
-7.119658,145.4404
-7.078144,145.4525
-7.03663,145.479
-6.995116,145.5693
-6.953602,145.6899
-6.912088,145.7847
-6.870574,145.8549
-6.82906,145.9541
-6.787546,146.0971
-6.746032,146.2466
-6.704518,146.38
-6.663004,146.4936
-6.62149,146.6273
-6.579976,146.7727
-6.538462,146.8891
-6.496947,146.9734
-6.455433,147.0446
-6.413919,147.111
-6.372405,147.1421
-6.330891,147.1116
-6.289377,147.0188
-6.247863,146.8753
-6.206349,146.6978
-6.164835,146.4793
-6.123321,146.2536
-6.081807,146.0561
-6.040293,145.8819
-5.998779,145.7469
-5.957265,145.6431
-5.915751,145.5511
-5.874237,145.4886
-5.832723,145.4679
-5.791209,145.4583
-5.749695,145.4766
-5.708181,145.5375
-5.666667,145.6331
-5.625153,145.7456
-5.583639,145.8584
-5.542125,145.9746
-5.500611,146.0961
-5.459096,146.2131
-5.417582,146.3551
-5.376068,146.5367
-5.334554,146.7496
-5.29304,146.9763
-5.251526,147.2263
-5.210012,147.4943
-5.168498,147.7735
-5.126984,148.0763
-5.08547,148.3865
-5.043956,148.6904
-5.002442,148.9677
-4.960928,149.2317
-4.919414,149.503
-4.8779,149.7885
-4.836386,150.1213
-4.794872,150.5236
-4.753358,150.978
-4.711844,151.438
-4.67033,151.8536
-4.628816,152.2135
-4.587302,152.4993
-4.545788,152.7222
-4.504274,152.8947
-4.462759,153.0457
-4.421245,153.1424
-4.379731,153.1965
-4.338217,153.2051
-4.296703,153.1752
-4.255189,153.111
-4.213675,152.9871
-4.172161,152.8111
-4.130647,152.6421
-4.089133,152.4936
-4.047619,152.3361
-4.006105,152.1867
-3.964591,152.0347
-3.923077,151.8486
-3.881563,151.6371
-3.840049,151.4254
-3.798535,151.2015
-3.757021,150.9577
-3.715507,150.6978
-3.673993,150.4171
-3.632479,150.1299
-3.590965,149.8262
-3.549451,149.4954
-3.507937,149.1439
-3.466422,148.7482
-3.424908,148.3001
-3.383394,147.8513
-3.34188,147.4354
-3.300366,147.0259
-3.258852,146.5704
-3.217338,146.043
-3.175824,145.4381
-3.13431,144.7834
-3.092796,144.0821
-3.051282,143.3129
-3.009768,142.4199
-2.968254,141.4183
-2.92674,140.3144
-2.885226,139.1237
-2.843712,137.846
-2.802198,136.4903
-2.760684,135.1
-2.71917,133.6706
-2.677656,132.2092
-2.636142,130.6988
-2.594628,129.1194
-2.553114,127.48
-2.5116,125.7806
-2.470085,123.9507
-2.428571,122.0162
-2.387057,119.9517
-2.345543,117.7669
-2.304029,115.4531
-2.262515,113.0721
-2.221001,110.6139
-2.179487,108.0689
-2.137973,105.4236
-2.096459,102.723
-2.054945,99.96358
-2.013431,97.1624
-1.971917,94.30452
-1.930403,91.36289
-1.888889,88.32969
-1.847375,85.25138
-1.805861,82.13457
-1.764347,79.02007
-1.722833,75.90943
-1.681319,72.79343
-1.639805,69.62793
-1.598291,66.39624
-1.556777,63.11647
-1.515263,59.77792
-1.473748,56.43892
-1.432234,53.12102
-1.39072,49.86607
-1.349206,46.61581
-1.307692,43.40259
-1.266178,40.2472
-1.224664,37.17446
-1.18315,34.16995
-1.141636,31.21745
-1.100122,28.28597
-1.058608,25.41439
-1.017094,22.55725
-0.97558,19.69172
-0.9340659,16.80384
-0.8925519,13.95239
-0.8510379,11.13228
-0.8095238,8.35848
-0.7680098,5.552383
-0.7264957,2.767274
-0.6849817,-0.03410237
-0.6434676,-2.805564
-0.6019536,-5.601441
-0.5604396,-8.382819
-0.5189255,-11.13609
-0.4774115,-13.83382
-0.4358974,-16.48528
-0.3943834,-19.08936
-0.3528694,-21.65348
-0.3113553,-24.20401
-0.2698413,-26.7445
-0.2283272,-29.29683
-0.1868132,-31.84248
-0.1452991,-34.39924
-0.1037851,-36.9889
-0.06227106,-39.63559
-0.02075702,-42.37448
0.02075702,-45.24406
0.06227106,-48.19394
0.1037851,-51.22638
0.1452991,-54.30934
0.1868132,-57.49237
0.2283272,-60.70094
0.2698413,-63.95288
0.3113553,-67.25508
0.3528694,-70.63107
0.3943834,-74.02425
0.4358974,-77.46463
0.4774115,-80.96074
0.5189255,-84.50837
0.5604396,-88.04815
0.6019536,-91.55935
0.6434676,-94.996
0.6849817,-98.35253
0.7264957,-101.6344
0.7680098,-104.8183
0.8095238,-107.9158
0.8510379,-110.9051
0.8925519,-113.8289
0.9340659,-116.6697
0.97558,-119.4603
1.017094,-122.1259
1.058608,-124.7008
1.100122,-127.1813
1.141636,-129.5973
1.18315,-131.9269
1.224664,-134.1859
1.266178,-136.3577
1.307692,-138.4551
1.349206,-140.4305
1.39072,-142.2818
1.432234,-143.9986
1.473748,-145.5942
1.515263,-147.0888
1.556777,-148.5201
1.598291,-149.8396
1.639805,-151.0378
1.681319,-152.159
1.722833,-153.2391
1.764347,-154.2437
1.805861,-155.1369
1.847375,-155.9421
1.888889,-156.7086
1.930403,-157.458
1.971917,-158.191
2.013431,-158.8946
2.054945,-159.5614
2.096459,-160.1911
2.137973,-160.7884
2.179487,-161.3678
2.221001,-161.9022
2.262515,-162.3914
2.304029,-162.8421
2.345543,-163.2644
2.387057,-163.6646
2.428571,-164.0443
2.470085,-164.371
2.5116,-164.6559
2.553114,-164.91
2.594628,-165.1094
2.636142,-165.2465
2.677656,-165.3781
2.71917,-165.5187
2.760684,-165.6208
2.802198,-165.6639
2.843712,-165.6592
2.885226,-165.6148
2.92674,-165.5269
2.968254,-165.4183
3.009768,-165.2947
3.051282,-165.1451
3.092796,-164.9669
3.13431,-164.7846
3.175824,-164.5926
3.217338,-164.3819
3.258852,-164.1585
3.300366,-163.9414
3.34188,-163.7391
3.383394,-163.5371
3.424908,-163.3166
3.466422,-163.0629
3.507937,-162.7698
3.549451,-162.464
3.590965,-162.1773
3.632479,-161.8852
3.673993,-161.5789
3.715507,-161.2581
3.757021,-160.9444
3.798535,-160.6419
3.840049,-160.3724
3.881563,-160.1747
3.923077,-160.0486
3.964591,-159.921
4.006105,-159.7763
4.047619,-159.6463
4.089133,-159.5281
4.130647,-159.4318
4.172161,-159.375
4.213675,-159.3601
4.255189,-159.3867
4.296703,-159.4244
4.338217,-159.4747
4.379731,-159.5445
4.421245,-159.6087
4.462759,-159.6548
4.504274,-159.6804
4.545788,-159.7004
4.587302,-159.736
4.628816,-159.7824
4.67033,-159.8096
4.711844,-159.7866
4.753358,-159.7096
4.794872,-159.5931
4.836386,-159.4346
4.8779,-159.27
4.919414,-159.1124
4.960928,-158.977
5.002442,-158.8935
5.043956,-158.8598
5.08547,-158.8396
5.126984,-158.8192
5.168498,-158.8084
5.210012,-158.7641
5.251526,-158.6787
5.29304,-158.566
5.334554,-158.4433
5.376068,-158.3065
5.417582,-158.1339
5.459096,-157.9514
5.500611,-157.7763
5.542125,-157.6172
5.583639,-157.4747
5.625153,-157.3421
5.666667,-157.1949
5.708181,-157.0114
5.749695,-156.8212
5.791209,-156.6553
5.832723,-156.5005
5.874237,-156.336
5.915751,-156.1502
5.957265,-155.9678
5.998779,-155.8061
6.040293,-155.6888
6.081807,-155.6285
6.123321,-155.5742
6.164835,-155.4721
6.206349,-155.3521
6.247863,-155.2316
6.289377,-155.0955
6.330891,-154.9263
6.372405,-154.7373
6.413919,-154.5562
6.455433,-154.3953
6.496947,-154.261
6.538462,-154.1164
6.579976,-153.9422
6.62149,-153.7418
6.663004,-153.5027
6.704518,-153.2327
6.746032,-152.9257
6.787546,-152.5669
6.82906,-152.1422
6.870574,-151.6667
6.912088,-151.1702
6.953602,-150.691
6.995116,-150.242
7.03663,-149.7896
7.078144,-149.3325
7.119658,-148.8965
7.161172,-148.4654
7.202686,-148.0394
7.2442,-147.6381
7.285714,-147.2151
7.327228,-146.7643
7.368742,-146.3051
7.410256,-145.824
7.45177,-145.3386
7.493284,-144.8748
7.534799,-144.4347
7.576313,-144.022
7.617827,-143.6073
7.659341,-143.1717
7.700855,-142.6746
7.742369,-142.1451
7.783883,-141.6443
7.825397,-141.1612
7.866911,-140.6891
7.908425,-140.244
7.949939,-139.7826
7.991453,-139.2823
8.032967,-138.7747
8.074481,-138.2859
8.115995,-137.79
8.157509,-137.3008
8.199023,-136.8407
8.240537,-136.4603
8.282051,-136.1857
8.323565,-135.9934
8.365079,-135.8304
8.406593,-135.6353
8.448107,-135.3861
8.489621,-135.0824
8.531136,-134.717
8.57265,-134.3388
8.614164,-133.9902
8.655678,-133.6594
8.697192,-133.3474
8.738706,-133.0574
8.78022,-132.7921
8.821734,-132.5496
8.863248,-132.3359
8.904762,-132.1375
8.946276,-131.9075
8.98779,-131.6184
9.029304,-131.3046
9.070818,-130.9889
9.112332,-130.6559
9.153846,-130.3096
9.19536,-129.9991
9.236874,-129.737
9.278388,-129.494
9.319902,-129.2404
9.361416,-128.9839
9.40293,-128.7369
9.444444,-128.4908
9.485958,-128.2468
9.527473,-127.9947
9.568987,-127.7361
9.610501,-127.5167
9.652015,-127.3334
9.693529,-127.1857
9.735043,-127.0847
9.776557,-127.0018
9.818071,-126.9075
9.859585,-126.8002
9.901099,-126.6701
9.942613,-126.5263
9.984127,-126.393
10.02564,-126.255
10.06716,-126.0557
10.10867,-125.7638
10.15018,-125.4352
10.1917,-125.081
10.23321,-124.7073
10.27473,-124.328
10.31624,-123.953
10.35775,-123.593
10.39927,-123.2768
10.44078,-122.9912
10.4823,-122.6984
10.52381,-122.385
10.56532,-122.1118
10.60684,-121.8847
10.64835,-121.6323
10.68987,-121.3221
10.73138,-120.9823
10.77289,-120.6572
10.81441,-120.3476
10.85592,-120.031
10.89744,-119.7142
10.93895,-119.392
10.98046,-119.0466
11.02198,-118.7068
11.06349,-118.3787
11.10501,-118.0478
11.14652,-117.7223
11.18803,-117.4094
11.22955,-117.0906
11.27106,-116.7732
11.31258,-116.4636
11.35409,-116.1879
11.3956,-115.9652
11.43712,-115.8137
11.47863,-115.6849
11.52015,-115.5555
11.56166,-115.4293
11.60317,-115.2996
11.64469,-115.1466
11.6862,-114.9403
11.72772,-114.6696
11.76923,-114.3781
11.81074,-114.0233
11.85226,-113.6255
11.89377,-113.2593
11.93529,-112.9407
11.9768,-112.6432
12.01832,-112.3302
12.05983,-112.0277
12.10134,-111.7444
12.14286,-111.4794
12.18437,-111.247
12.22589,-111.0605
12.2674,-110.9339
12.30891,-110.8472
12.35043,-110.7639
12.39194,-110.6579
12.43346,-110.5341
12.47497,-110.3798
12.51648,-110.1622
12.558,-109.8862
12.59951,-109.56
12.64103,-109.1937
12.68254,-108.8046
12.72405,-108.4233
12.76557,-108.0771
12.80708,-107.7786
12.8486,-107.4789
12.89011,-107.1667
12.93162,-106.8745
12.97314,-106.6046
13.01465,-106.3593
13.05617,-106.1493
13.09768,-105.9438
13.13919,-105.7006
13.18071,-105.4051
13.22222,-105.0533
13.26374,-104.6422
13.30525,-104.2106
13.34676,-103.7849
13.38828,-103.3478
13.42979,-102.9016
13.47131,-102.4502
13.51282,-102.0139
13.55433,-101.6252
13.59585,-101.2793
13.63736,-100.9505
13.67888,-100.6432
13.72039,-100.361
13.7619,-100.1207
13.80342,-99.90549
13.84493,-99.71328
13.88645,-99.53885
13.92796,-99.38006
13.96947,-99.2268
14.01099,-99.07304
14.0525,-98.91936
14.09402,-98.77316
14.13553,-98.60007
14.17705,-98.3775
14.21856,-98.11215
14.26007,-97.81976
14.30159,-97.53093
14.3431,-97.27979
14.38462,-97.06854
14.42613,-96.83447
14.46764,-96.57421
14.50916,-96.34622
14.55067,-96.13502
14.59219,-95.88042
14.6337,-95.55247
14.67521,-95.17981
14.71673,-94.803
14.75824,-94.4315
14.79976,-94.06222
14.84127,-93.68801
14.88278,-93.30638
14.9243,-92.9106
14.96581,-92.55726
15.00733,-92.26916
15.04884,-92.01476
15.09035,-91.7846
15.13187,-91.59034
15.17338,-91.42689
15.2149,-91.30529
15.25641,-91.2176
15.29792,-91.12869
15.33944,-91.02802
15.38095,-90.93695
15.42247,-90.8479
15.46398,-90.77548
15.50549,-90.72679
15.54701,-90.67636
15.58852,-90.57521
15.63004,-90.44416
15.67155,-90.32311
15.71306,-90.23065
15.75458,-90.17544
15.79609,-90.12698
15.83761,-90.05885
15.87912,-89.97137
15.92063,-89.86423
15.96215,-89.74153
16.00366,-89.6084
16.04518,-89.46012
16.08669,-89.30701
16.12821,-89.16093
16.16972,-89.04334
16.21123,-88.93775
16.25275,-88.79153
16.29426,-88.5961
16.33578,-88.36472
16.37729,-88.10016
16.4188,-87.7949
16.46032,-87.43326
16.50183,-87.02589
16.54335,-86.64709
16.58486,-86.28771
16.62637,-85.90739
16.66789,-85.48907
16.7094,-85.0515
16.75092,-84.63148
16.79243,-84.2495
16.83394,-83.90626
16.87546,-83.56847
16.91697,-83.22568
16.95849,-82.9302
17,-82.67023
17.04151,-82.40808
17.08303,-82.12892
17.12454,-81.85774
17.16606,-81.6041
17.20757,-81.38561
17.24908,-81.2119
17.2906,-81.08517
17.33211,-80.98252
17.37363,-80.88788
17.41514,-80.85195
17.45665,-80.85514
17.49817,-80.8436
17.53968,-80.80612
17.5812,-80.75515
17.62271,-80.72396
17.66422,-80.70643
17.70574,-80.67501
17.74725,-80.64486
17.78877,-80.63004
17.83028,-80.61019
17.87179,-80.56589
17.91331,-80.5202
17.95482,-80.48428
17.99634,-80.44878
18.03785,-80.40921
18.07937,-80.33982
18.12088,-80.23395
18.16239,-80.15587
18.20391,-80.11635
18.24542,-80.06472
18.28694,-79.97604
18.32845,-79.85997
18.36996,-79.72137
18.41148,-79.57648
18.45299,-79.44175
18.49451,-79.32635
18.53602,-79.21612
18.57753,-79.09464
18.61905,-78.97293
18.66056,-78.87537
18.70208,-78.80973
18.74359,-78.72868
18.7851,-78.64893
18.82662,-78.58816
18.86813,-78.49977
18.90965,-78.35669
18.95116,-78.20983
18.99267,-78.09692
19.03419,-77.98758
19.0757,-77.84142
19.11722,-77.65826
19.15873,-77.44737
19.20024,-77.21548
19.24176,-76.98668
19.28327,-76.7639
19.32479,-76.50506
19.3663,-76.21262
19.40781,-75.86338
19.44933,-75.45245
19.49084,-75.01726
19.53236,-74.58426
19.57387,-74.16563
19.61538,-73.78369
19.6569,-73.44457
19.69841,-73.13792
19.73993,-72.86502
19.78144,-72.62683
19.82295,-72.42131
19.86447,-72.24512
19.90598,-72.0715
19.9475,-71.89567
19.98901,-71.72501
20.03053,-71.56119
20.07204,-71.40278
20.11355,-71.24486
20.15507,-71.1073
20.19658,-71.01519
20.2381,-70.9438
20.27961,-70.84247
20.32112,-70.72898
20.36264,-70.63709
20.40415,-70.59001
20.44567,-70.57926
20.48718,-70.5734
20.52869,-70.54838
20.57021,-70.48998
20.61172,-70.40972
20.65324,-70.34349
20.69475,-70.29109
20.73626,-70.19203
20.77778,-70.04845
20.81929,-69.9201
20.86081,-69.80891
20.90232,-69.65775
20.94383,-69.4589
20.98535,-69.25856
21.02686,-69.10109
21.06838,-68.96997
21.10989,-68.79484
21.1514,-68.58905
21.19292,-68.40724
21.23443,-68.23455
21.27595,-68.05151
21.31746,-67.84693
21.35897,-67.63031
21.40049,-67.41904
21.442,-67.21337
21.48352,-66.97686
21.52503,-66.67382
21.56654,-66.3067
21.60806,-65.89965
21.64957,-65.50557
21.69109,-65.19358
21.7326,-64.9453
21.77411,-64.71957
21.81563,-64.48394
21.85714,-64.23888
21.89866,-64.04552
21.94017,-63.93052
21.98168,-63.85705
22.0232,-63.79346
22.06471,-63.7194
22.10623,-63.64849
22.14774,-63.59632
22.18926,-63.55027
22.23077,-63.52031
22.27228,-63.50423
22.3138,-63.46797
22.35531,-63.39943
22.39683,-63.30246
22.43834,-63.17889
22.47985,-63.03704
22.52137,-62.89713
22.56288,-62.77895
22.6044,-62.69548
22.64591,-62.63382
22.68742,-62.57211
22.72894,-62.51748
22.77045,-62.49502
22.81197,-62.47444
22.85348,-62.44021
22.89499,-62.42345
22.93651,-62.45722
22.97802,-62.49527
23.01954,-62.46376
23.06105,-62.40174
23.10256,-62.36724
23.14408,-62.36442
23.18559,-62.39809
23.22711,-62.45908
23.26862,-62.51898
23.31013,-62.55202
23.35165,-62.55914
23.39316,-62.55071
23.43468,-62.51479
23.47619,-62.4435
23.5177,-62.368
23.55922,-62.29728
23.60073,-62.19318
23.64225,-62.02833
23.68376,-61.80906
23.72527,-61.54837
23.76679,-61.27871
23.8083,-61.03168
23.84982,-60.78605
23.89133,-60.47738
23.93284,-60.12366
23.97436,-59.76988
24.01587,-59.43395
24.05739,-59.12273
24.0989,-58.81798
24.14042,-58.4982
24.18193,-58.15552
24.22344,-57.7976
24.26496,-57.44231
24.30647,-57.11002
24.34799,-56.79709
24.3895,-56.5348
24.43101,-56.32937
24.47253,-56.17911
24.51404,-56.08922
24.55556,-56.05035
24.59707,-56.04061
24.63858,-56.0556
24.6801,-56.07769
24.72161,-56.12406
24.76313,-56.20919
24.80464,-56.31123
24.84615,-56.40069
24.88767,-56.44041
24.92918,-56.41171
24.9707,-56.33126
25.01221,-56.20895
25.05372,-56.07767
25.09524,-55.95836
25.13675,-55.85505
25.17827,-55.78612
25.21978,-55.72845
25.26129,-55.64262
25.30281,-55.55054
25.34432,-55.50602
25.38584,-55.49906
25.42735,-55.48155
25.46886,-55.44101
25.51038,-55.35009
25.55189,-55.21457
25.59341,-55.09303
25.63492,-54.99148
25.67643,-54.8968
25.71795,-54.80478
25.75946,-54.73451
25.80098,-54.68797
25.84249,-54.63528
25.884,-54.56571
25.92552,-54.46629
25.96703,-54.3567
26.00855,-54.30136
26.05006,-54.30547
26.09158,-54.31914
26.13309,-54.3128
26.1746,-54.30432
26.21612,-54.29245
26.25763,-54.25963
26.29915,-54.19633
26.34066,-54.12484
26.38217,-54.0311
26.42369,-53.91917
26.4652,-53.78171
26.50672,-53.63389
26.54823,-53.49168
26.58974,-53.35019
26.63126,-53.20465
26.67277,-53.03811
26.71429,-52.83093
26.7558,-52.59042
26.79731,-52.34016
26.83883,-52.07604
26.88034,-51.78914
26.92186,-51.49829
26.96337,-51.22532
27.00488,-50.95602
27.0464,-50.71598
27.08791,-50.51297
27.12943,-50.32876
27.17094,-50.20717
27.21245,-50.15048
27.25397,-50.10102
27.29548,-50.03002
27.337,-49.96502
27.37851,-49.9088
27.42002,-49.84932
27.46154,-49.781
27.50305,-49.70357
27.54457,-49.64362
27.58608,-49.62082
27.62759,-49.60983
27.66911,-49.6122
27.71062,-49.64259
27.75214,-49.71263
27.79365,-49.81447
27.83516,-49.92685
27.87668,-50.02145
27.91819,-50.09352
27.95971,-50.17961
28.00122,-50.3028
28.04274,-50.47233
28.08425,-50.68531
28.12576,-50.915
28.16728,-51.0907
28.20879,-51.16412
28.25031,-51.18637
28.29182,-51.21862
28.33333,-51.25097
28.37485,-51.26645
28.41636,-51.29704
28.45788,-51.37866
28.49939,-51.45721
28.5409,-51.4867
28.58242,-51.505
28.62393,-51.54187
28.66545,-51.57993
28.70696,-51.58909
28.74847,-51.55449
28.78999,-51.49698
28.8315,-51.41024
28.87302,-51.24743
28.91453,-50.99374
28.95604,-50.70612
28.99756,-50.41124
29.03907,-50.10475
29.08059,-49.77648
29.1221,-49.44413
29.16361,-49.12025
29.20513,-48.7861
29.24664,-48.46175
29.28816,-48.16999
29.32967,-47.88087
29.37118,-47.58184
29.4127,-47.28396
29.45421,-46.98233
29.49573,-46.66478
29.53724,-46.32336
29.57875,-45.97952
29.62027,-45.65987
29.66178,-45.39298
29.7033,-45.18
29.74481,-45.01356
29.78632,-44.87568
29.82784,-44.75729
29.86935,-44.65421
29.91087,-44.57237
29.95238,-44.51432
29.99389,-44.46908
30.03541,-44.39898
30.07692,-44.30427
30.11844,-44.19446
30.15995,-44.11376
30.20147,-44.08192
30.24298,-44.05628
30.28449,-44.04402
30.32601,-44.04371
30.36752,-44.02814
30.40904,-44.03019
30.45055,-44.08391
30.49206,-44.18291
30.53358,-44.28267
30.57509,-44.35627
30.61661,-44.42409
30.65812,-44.48138
30.69963,-44.51194
30.74115,-44.54344
30.78266,-44.6062
30.82418,-44.71048
30.86569,-44.81687
30.9072,-44.88427
30.94872,-44.92189
30.99023,-44.9525
31.03175,-45.02114
31.07326,-45.14798
31.11477,-45.29194
31.15629,-45.40144
31.1978,-45.46458
31.23932,-45.49995
31.28083,-45.5286
31.32234,-45.538
31.36386,-45.54395
31.40537,-45.55874
31.44689,-45.55704
31.4884,-45.51585
31.52991,-45.46971
31.57143,-45.45946
31.61294,-45.45763
31.65446,-45.44902
31.69597,-45.42724
31.73748,-45.34707
31.779,-45.20856
31.82051,-45.01762
31.86203,-44.78868
31.90354,-44.55329
31.94505,-44.29621
31.98657,-44.0395
32.02808,-43.81423
32.0696,-43.60562
32.11111,-43.38138
32.15263,-43.16732
32.19414,-42.96917
32.23565,-42.75774
32.27717,-42.5344
32.31868,-42.33672
32.3602,-42.19517
32.40171,-42.10532
32.44322,-42.02021
32.48474,-41.91744
32.52625,-41.80064
32.56777,-41.67766
32.60928,-41.55677
32.65079,-41.43975
32.69231,-41.35319
32.73382,-41.28459
32.77534,-41.21942
32.81685,-41.18282
32.85836,-41.1551
32.89988,-41.09694
32.94139,-41.00113
32.98291,-40.85939
33.02442,-40.69559
33.06593,-40.56183
33.10745,-40.47561
33.14896,-40.4208
33.19048,-40.36817
33.23199,-40.29848
33.2735,-40.23564
33.31502,-40.18409
33.35653,-40.13777
33.39805,-40.07838
33.43956,-40.00281
33.48107,-39.95961
33.52259,-39.96296
33.5641,-39.95937
33.60562,-39.92899
33.64713,-39.89569
33.68864,-39.86066
33.73016,-39.83605
33.77167,-39.81338
33.81319,-39.76549
33.8547,-39.69244
33.89621,-39.5966
33.93773,-39.47747
33.97924,-39.33078
34.02076,-39.15881
34.06227,-38.97867
34.10379,-38.80771
34.1453,-38.65399
34.18681,-38.52806
34.22833,-38.42462
34.26984,-38.29108
34.31136,-38.10304
34.35287,-37.91204
34.39438,-37.75523
34.4359,-37.60876
34.47741,-37.46767
34.51893,-37.33828
34.56044,-37.22108
34.60195,-37.10699
34.64347,-37.00603
34.68498,-36.9266
34.7265,-36.87829
34.76801,-36.82982
34.80952,-36.75659
34.85104,-36.67139
34.89255,-36.5955
34.93407,-36.53739
34.97558,-36.46863
35.01709,-36.40529
35.05861,-36.3615
35.10012,-36.32025
35.14164,-36.28518
35.18315,-36.262
35.22466,-36.27741
35.26618,-36.33336
35.30769,-36.40032
35.34921,-36.42915
35.39072,-36.42241
35.43223,-36.40092
35.47375,-36.39867
35.51526,-36.43989
35.55678,-36.48765
35.59829,-36.49438
35.6398,-36.44908
35.68132,-36.4182
35.72283,-36.41798
35.76435,-36.43867
35.80586,-36.47409
35.84737,-36.52315
35.88889,-36.5558
35.9304,-36.56624
35.97192,-36.51633
36.01343,-36.37817
36.05495,-36.20331
36.09646,-36.05544
36.13797,-35.95568
36.17949,-35.85956
36.221,-35.76425
36.26252,-35.68452
36.30403,-35.58892
36.34554,-35.45154
36.38706,-35.31116
36.42857,-35.19024
36.47009,-35.11467
36.5116,-35.10827
36.55311,-35.14865
36.59463,-35.20818
36.63614,-35.27254
36.67766,-35.32764
36.71917,-35.36757
36.76068,-35.39863
36.8022,-35.41194
36.84371,-35.40509
36.88523,-35.36847
36.92674,-35.27117
36.96825,-35.14453
37.00977,-35.03875
37.05128,-34.9578
37.0928,-34.88196
37.13431,-34.82567
37.17582,-34.80652
37.21734,-34.7905
37.25885,-34.7539
37.30037,-34.69298
37.34188,-34.61699
37.38339,-34.51574
37.42491,-34.38067
37.46642,-34.26221
37.50794,-34.16308
37.54945,-34.06518
37.59096,-33.96509
37.63248,-33.862
37.67399,-33.77596
37.71551,-33.71785
37.75702,-33.66738
37.79853,-33.60422
37.84005,-33.50227
37.88156,-33.38908
37.92308,-33.29231
37.96459,-33.21678
38.00611,-33.14509
38.04762,-33.04336
38.08913,-32.93163
38.13065,-32.83086
38.17216,-32.71312
38.21368,-32.58713
38.25519,-32.48342
38.2967,-32.39437
38.33822,-32.30287
38.37973,-32.18222
38.42125,-32.03626
38.46276,-31.94336
38.50427,-31.91431
38.54579,-31.90622
38.5873,-31.8946
38.62882,-31.88323
38.67033,-31.90588
38.71184,-31.97146
38.75336,-32.05222
38.79487,-32.13256
38.83639,-32.22155
38.8779,-32.30513
38.91941,-32.39057
38.96093,-32.45258
39.00244,-32.4693
39.04396,-32.45802
39.08547,-32.44856
39.12698,-32.43958
39.1685,-32.4163
39.21001,-32.38141
39.25153,-32.32785
39.29304,-32.24124
39.33455,-32.15211
39.37607,-32.07888
39.41758,-32.02053
39.4591,-31.97715
39.50061,-31.9275
39.54212,-31.86519
39.58364,-31.79053
39.62515,-31.66888
39.66667,-31.49906
39.70818,-31.33706
39.74969,-31.21145
39.79121,-31.10678
39.83272,-30.99221
39.87424,-30.85829
39.91575,-30.72632
39.95726,-30.59167
39.99878,-30.44512
40.04029,-30.31562
40.08181,-30.24469
40.12332,-30.22485
40.16484,-30.19788
40.20635,-30.16018
40.24786,-30.12056
40.28938,-30.07279
40.33089,-30.02182
40.37241,-30.01003
40.41392,-30.0322
40.45543,-30.0617
40.49695,-30.05227
40.53846,-29.96645
40.57998,-29.81702
40.62149,-29.6605
40.663,-29.56623
40.70452,-29.56824
40.74603,-29.62765
40.78755,-29.67021
40.82906,-29.66431
40.87057,-29.60927
40.91209,-29.50172
40.9536,-29.32377
40.99512,-29.04645
41.03663,-28.70564
41.07814,-28.40367
41.11966,-28.18473
41.16117,-28.06433
41.20269,-28.0688
41.2442,-28.17566
41.28571,-28.34981
41.32723,-28.54122
41.36874,-28.71841
41.41026,-28.89902
41.45177,-29.10266
41.49328,-29.29591
41.5348,-29.44617
41.57631,-29.60173
41.61783,-29.75601
41.65934,-29.86206
41.70085,-29.92167
41.74237,-29.96001
41.78388,-29.95429
41.8254,-29.88279
41.86691,-29.78556
41.90842,-29.69611
41.94994,-29.63367
41.99145,-29.57709
42.03297,-29.49014
42.07448,-29.35755
42.116,-29.18708
42.15751,-29.00035
42.19902,-28.81318
42.24054,-28.65325
42.28205,-28.50053
42.32357,-28.35716
42.36508,-28.26357
42.40659,-28.21745
42.44811,-28.11958
42.48962,-27.97899
42.53114,-27.85807
42.57265,-27.75909
42.61416,-27.67228
42.65568,-27.61765
42.69719,-27.58555
42.73871,-27.5685
42.78022,-27.58751
42.82173,-27.63911
42.86325,-27.70267
42.90476,-27.78092
42.94628,-27.85685
42.98779,-27.90445
43.0293,-27.89724
43.07082,-27.80628
43.11233,-27.65758
43.15385,-27.51418
43.19536,-27.39808
43.23687,-27.27575
43.27839,-27.14624
43.3199,-27.00055
43.36142,-26.831
43.40293,-26.6635
43.44444,-26.51225
43.48596,-26.3725
43.52747,-26.24658
43.56899,-26.15521
43.6105,-26.08949
43.65201,-26.01874
43.69353,-25.93971
43.73504,-25.87505
43.77656,-25.8589
43.81807,-25.86667
43.85958,-25.87709
43.9011,-25.88172
43.94261,-25.89317
43.98413,-25.90988
44.02564,-25.93815
44.06716,-25.97749
44.10867,-26.02639
44.15018,-26.08063
44.1917,-26.13801
44.23321,-26.19638
44.27473,-26.22039
44.31624,-26.20067
44.35775,-26.136
44.39927,-26.05002
44.44078,-25.94455
44.4823,-25.82108
44.52381,-25.69858
44.56532,-25.58392
44.60684,-25.49663
44.64835,-25.43997
44.68987,-25.39362
44.73138,-25.34098
44.77289,-25.28489
44.81441,-25.24855
44.85592,-25.17547
44.89744,-25.02969
44.93895,-24.83603
44.98046,-24.63353
45.02198,-24.46422
45.06349,-24.32126
45.10501,-24.19255
45.14652,-24.07804
45.18803,-23.99806
45.22955,-23.98158
45.27106,-24.02667
45.31258,-24.06984
45.35409,-24.08109
45.3956,-24.09599
45.43712,-24.1332
45.47863,-24.19213
45.52015,-24.27583
45.56166,-24.40675
45.60317,-24.55287
45.64469,-24.70875
45.6862,-24.87066
45.72772,-25.03049
45.76923,-25.19597
45.81074,-25.34551
45.85226,-25.45262
45.89377,-25.47901
45.93529,-25.44261
45.9768,-25.38425
46.01832,-25.30443
46.05983,-25.18593
46.10134,-25.03941
46.14286,-24.8924
46.18437,-24.7484
46.22589,-24.61359
46.2674,-24.50464
46.30891,-24.37409
46.35043,-24.19273
46.39194,-24.01953
46.43346,-23.89044
46.47497,-23.77227
46.51648,-23.63331
46.558,-23.46527
46.59951,-23.27308
46.64103,-23.07605
46.68254,-22.90083
46.72405,-22.78334
46.76557,-22.71806
46.80708,-22.68628
46.8486,-22.69502
46.89011,-22.75842
46.93162,-22.83628
46.97314,-22.87698
47.01465,-22.91094
47.05617,-22.97574
47.09768,-23.04591
47.13919,-23.09193
47.18071,-23.10051
47.22222,-23.07403
47.26374,-23.02132
47.30525,-22.96843
47.34676,-22.92595
47.38828,-22.904
47.42979,-22.9409
47.47131,-23.00244
47.51282,-23.04926
47.55433,-23.10273
47.59585,-23.15912
47.63736,-23.18331
47.67888,-23.17419
47.72039,-23.15448
47.7619,-23.11403
47.80342,-23.03857
47.84493,-22.90329
47.88645,-22.70685
47.92796,-22.48769
47.96947,-22.27135
48.01099,-22.05867
48.0525,-21.86268
48.09402,-21.68298
48.13553,-21.53783
48.17705,-21.42298
48.21856,-21.29384
48.26007,-21.13716
48.30159,-20.97964
48.3431,-20.85465
48.38462,-20.78446
48.42613,-20.76833
48.46764,-20.79246
48.50916,-20.85018
48.55067,-20.94235
48.59219,-21.02657
48.6337,-21.05752
48.67521,-21.08203
48.71673,-21.1142
48.75824,-21.11933
48.79976,-21.10409
48.84127,-21.0699
48.88278,-21.05185
48.9243,-21.07528
48.96581,-21.12501
49.00733,-21.19683
49.04884,-21.27158
49.09035,-21.33266
49.13187,-21.37738
49.17338,-21.42819
49.2149,-21.50131
49.25641,-21.58629
49.29792,-21.69728
49.33944,-21.83603
49.38095,-21.96471
49.42247,-22.06963
49.46398,-22.16946
49.50549,-22.26034
49.54701,-22.33498
49.58852,-22.40422
49.63004,-22.43694
49.67155,-22.39542
49.71306,-22.30292
49.75458,-22.19327
49.79609,-22.10051
49.83761,-22.03303
49.87912,-21.9922
49.92063,-21.98088
49.96215,-21.95825
50.00366,-21.90037
50.04518,-21.79085
50.08669,-21.63631
50.12821,-21.46262
50.16972,-21.28734
50.21123,-21.11415
50.25275,-20.92409
50.29426,-20.70767
50.33578,-20.46241
50.37729,-20.19859
50.4188,-19.96022
50.46032,-19.76731
50.50183,-19.59732
50.54335,-19.43093
50.58486,-19.27816
50.62637,-19.16802
50.66789,-19.11045
50.7094,-19.08367
50.75092,-19.06965
50.79243,-19.0569
50.83394,-19.04477
50.87546,-19.05455
50.91697,-19.09205
50.95849,-19.1313
51,-19.12891
51.04151,-19.06927
51.08303,-18.96388
51.12454,-18.86546
51.16606,-18.79425
51.20757,-18.69952
51.24908,-18.5877
51.2906,-18.49971
51.33211,-18.43784
51.37363,-18.40584
51.41514,-18.38948
51.45665,-18.39616
51.49817,-18.42216
51.53968,-18.47773
51.5812,-18.57333
51.62271,-18.68833
51.66422,-18.77237
51.70574,-18.78412
51.74725,-18.71238
51.78877,-18.58769
51.83028,-18.43198
51.87179,-18.23371
51.91331,-18.01657
51.95482,-17.79313
51.99634,-17.56752
52.03785,-17.35312
52.07937,-17.16215
52.12088,-17.02367
52.16239,-16.96166
52.20391,-16.97607
52.24542,-17.02128
52.28694,-17.08581
52.32845,-17.17754
52.36996,-17.2971
52.41148,-17.38509
52.45299,-17.40597
52.49451,-17.41009
52.53602,-17.44787
52.57753,-17.48698
52.61905,-17.50376
52.66056,-17.53433
52.70208,-17.58183
52.74359,-17.63675
52.7851,-17.70935
52.82662,-17.7744
52.86813,-17.78414
52.90965,-17.73339
52.95116,-17.65076
52.99267,-17.54923
53.03419,-17.41191
53.0757,-17.2829
53.11722,-17.21669
53.15873,-17.1693
53.20024,-17.11778
53.24176,-17.00618
53.28327,-16.80578
53.32479,-16.56304
53.3663,-16.3268
53.40781,-16.10157
53.44933,-15.87849
53.49084,-15.71387
53.53236,-15.6381
53.57387,-15.60405
53.61538,-15.55846
53.6569,-15.50742
53.69841,-15.47125
53.73993,-15.40288
53.78144,-15.23976
53.82295,-15.01214
53.86447,-14.78415
53.90598,-14.59297
53.9475,-14.44718
53.98901,-14.35817
54.03053,-14.29155
54.07204,-14.19739
54.11355,-14.07798
54.15507,-13.97372
54.19658,-13.92238
54.2381,-13.91962
54.27961,-13.92909
54.32112,-13.92803
54.36264,-13.93274
54.40415,-13.96187
54.44567,-14.00549
54.48718,-14.06196
54.52869,-14.12913
54.57021,-14.19742
54.61172,-14.26034
54.65324,-14.31117
54.69475,-14.36707
54.73626,-14.41769
54.77778,-14.41863
54.81929,-14.34762
54.86081,-14.2442
54.90232,-14.16157
54.94383,-14.09821
54.98535,-14.03353
55.02686,-13.98691
55.06838,-13.9623
55.10989,-13.9428
55.1514,-13.92552
55.19292,-13.94353
55.23443,-13.9977
55.27595,-14.03768
55.31746,-14.03715
55.35897,-13.98151
55.40049,-13.89123
55.442,-13.81109
55.48352,-13.74986
55.52503,-13.69338
55.56654,-13.61722
55.60806,-13.50462
55.64957,-13.33586
55.69109,-13.10384
55.7326,-12.86938
55.77411,-12.64822
55.81563,-12.40377
55.85714,-12.13362
55.89866,-11.91238
55.94017,-11.77997
55.98168,-11.71549
56.0232,-11.67071
56.06471,-11.58135
56.10623,-11.46322
56.14774,-11.37177
56.18926,-11.31589
56.23077,-11.28381
56.27228,-11.26913
56.3138,-11.29405
56.35531,-11.37883
56.39683,-11.53102
56.43834,-11.74189
56.47985,-11.96648
56.52137,-12.18826
56.56288,-12.40364
56.6044,-12.60648
56.64591,-12.75531
56.68742,-12.8231
56.72894,-12.84716
56.77045,-12.89034
56.81197,-12.94916
56.85348,-12.9887
56.89499,-13.005
56.93651,-13.00568
56.97802,-12.98642
57.01954,-12.90353
57.06105,-12.73751
57.10256,-12.51011
57.14408,-12.26986
57.18559,-12.05333
57.22711,-11.85536
57.26862,-11.66059
57.31013,-11.43302
57.35165,-11.16741
57.39316,-10.90236
57.43468,-10.64659
57.47619,-10.39281
57.5177,-10.16249
57.55922,-9.945228
57.60073,-9.724063
57.64225,-9.486135
57.68376,-9.209198
57.72527,-8.890908
57.76679,-8.551916
57.8083,-8.208416
57.84982,-7.820129
57.89133,-7.378971
57.93284,-6.912021
57.97436,-6.455109
58.01587,-6.013134
58.05739,-5.57059
58.0989,-5.140912
58.14042,-4.764267
58.18193,-4.446817
58.22344,-4.198647
58.26496,-4.015252
58.30647,-3.862389
58.34799,-3.728254
58.3895,-3.621859
58.43101,-3.525512
58.47253,-3.429259
58.51404,-3.34769
58.55556,-3.302552
58.59707,-3.309861
58.63858,-3.363385
58.6801,-3.422787
58.72161,-3.4817
58.76313,-3.55234
58.80464,-3.623485
58.84615,-3.682268
58.88767,-3.7537
58.92918,-3.851674
58.9707,-3.948783
59.01221,-3.995024
59.05372,-4.024346
59.09524,-4.08825
59.13675,-4.154563
59.17827,-4.198353
59.21978,-4.226229
59.26129,-4.2329
59.30281,-4.211517
59.34432,-4.177732
59.38584,-4.138104
59.42735,-4.068885
59.46886,-3.970386
59.51038,-3.842324
59.55189,-3.697501
59.59341,-3.531627
59.63492,-3.335953
59.67643,-3.139339
59.71795,-2.98284
59.75946,-2.844253
59.80098,-2.715874
59.84249,-2.62824
59.884,-2.553493
59.92552,-2.473827
59.96703,-2.386463
60.00855,-2.285384
60.05006,-2.199725
60.09158,-2.155594
60.13309,-2.120942
60.1746,-2.064435
60.21612,-1.98162
60.25763,-1.871583
60.29915,-1.768915
60.34066,-1.70965
60.38217,-1.692653
60.42369,-1.700862
60.4652,-1.689302
60.50672,-1.633333
60.54823,-1.543453
60.58974,-1.44696
60.63126,-1.342461
60.67277,-1.250766
60.71429,-1.179332
60.7558,-1.112994
60.79731,-1.059048
60.83883,-0.9963996
60.88034,-0.8866172
60.92186,-0.709959
60.96337,-0.4890088
61.00488,-0.2898717
61.0464,-0.1242553
61.08791,0.0361134
61.12943,0.2096563
61.17094,0.3691209
61.21245,0.4884027
61.25397,0.5938214
61.29548,0.7022066
61.337,0.7949479
61.37851,0.8869382
61.42002,0.9615579
61.46154,0.9907076
61.50305,0.9826239
61.54457,0.9292592
61.58608,0.8867122
61.62759,0.90956
61.66911,0.9858137
61.71062,1.086327
61.75214,1.190768
61.79365,1.281069
61.83516,1.357191
61.87668,1.462783
61.91819,1.618857
61.95971,1.780024
62.00122,1.920883
62.04274,2.04964
62.08425,2.176237
62.12576,2.3179
62.16728,2.477311
62.20879,2.675038
62.25031,2.898139
62.29182,3.101146
62.33333,3.281019
62.37485,3.465628
62.41636,3.696795
62.45788,3.953878
62.49939,4.212072
62.5409,4.484856
62.58242,4.760683
62.62393,5.029241
62.66545,5.279627
62.70696,5.524415
62.74847,5.782282
62.78999,6.070916
62.8315,6.394929
62.87302,6.735347
62.91453,7.081078
62.95604,7.431633
62.99756,7.737328
63.03907,7.981193
63.08059,8.167665
63.1221,8.312476
63.16361,8.439173
63.20513,8.530702
63.24664,8.5946
63.28816,8.637994
63.32967,8.645103
63.37118,8.635793
63.4127,8.624229
63.45421,8.608296
63.49573,8.570571
63.53724,8.519187
63.57875,8.442912
63.62027,8.333344
63.66178,8.20227
63.7033,8.036005
63.74481,7.815141
63.78632,7.582653
63.82784,7.396893
63.86935,7.255794
63.91087,7.163719
63.95238,7.114398
63.99389,7.086535
64.03541,7.053024
64.07692,7.015045
64.11844,7.036395
64.15995,7.149962
64.20147,7.337741
64.24298,7.591775
64.28449,7.88214
64.32601,8.172495
64.36752,8.45381
64.40904,8.710546
64.45055,8.925292
64.49206,9.101988
64.53358,9.24964
64.57509,9.360414
64.61661,9.458061
64.65812,9.588529
64.69963,9.775359
64.74115,9.995628
64.78266,10.19454
64.82418,10.33929
64.86569,10.45417
64.9072,10.56432
64.94872,10.67858
64.99023,10.78729
65.03175,10.87895
65.07326,10.97792
65.11477,11.13074
65.15629,11.33483
65.1978,11.56224
65.23932,11.79346
65.28083,12.03824
65.32234,12.28491
65.36386,12.50347
65.40537,12.67248
65.44689,12.78197
65.4884,12.86415
65.52991,12.9671
65.57143,13.11407
65.61294,13.331
65.65446,13.58369
65.69597,13.85367
65.73748,14.1493
65.779,14.46908
65.82051,14.80805
65.86203,15.1434
65.90354,15.48784
65.94505,15.83257
65.98657,16.19196
66.02808,16.59818
66.0696,17.06561
66.11111,17.55719
66.15263,18.06164
66.19414,18.55681
66.23565,19.01823
66.27717,19.41707
66.31868,19.77501
66.3602,20.12295
66.40171,20.45824
66.44322,20.76962
66.48474,21.06178
66.52625,21.34152
66.56777,21.65245
66.60928,22.02783
66.65079,22.46875
66.69231,22.94476
66.73382,23.42994
66.77534,23.91196
66.81685,24.39883
66.85836,24.92797
66.89988,25.50592
66.94139,26.11691
66.98291,26.75194
67.02442,27.39728
67.06593,28.0098
67.10745,28.57998
67.14896,29.13624
67.19048,29.67771
67.23199,30.14559
67.2735,30.56417
67.31502,30.99464
67.35653,31.46827
67.39805,31.97238
67.43956,32.50047
67.48107,33.03019
67.52259,33.57333
67.5641,34.17542
67.60562,34.8498
67.64713,35.58506
67.68864,36.36698
67.73016,37.22445
67.77167,38.14877
67.81319,39.11179
67.8547,40.08132
67.89621,41.06033
67.93773,42.04465
67.97924,43.07551
68.02076,44.181
68.06227,45.37864
68.10379,46.59539
68.1453,47.85958
68.18681,49.18133
68.22833,50.53252
68.26984,51.92314
68.31136,53.38609
68.35287,54.87646
68.39438,56.37979
68.4359,57.88958
68.47741,59.42889
68.51893,61.00161
68.56044,62.5972
68.60195,64.23215
68.64347,65.89127
68.68498,67.60474
68.7265,69.38389
68.76801,71.22682
68.80952,73.07417
68.85104,74.94679
68.89255,76.82065
68.93407,78.687
68.97558,80.52253
69.01709,82.33612
69.05861,84.10282
69.10012,85.82804
69.14164,87.52691
69.18315,89.19988
69.22466,90.87898
69.26618,92.59666
69.30769,94.30983
69.34921,96.00026
69.39072,97.63725
69.43223,99.22839
69.47375,100.7693
69.51526,102.2547
69.55678,103.6699
69.59829,104.9911
69.6398,106.2053
69.68132,107.3062
69.72283,108.2895
69.76435,109.1137
69.80586,109.7439
69.84737,110.1267
69.88889,110.2748
69.9304,110.2089
69.97192,109.8811
70.01343,109.2393
70.05495,108.2676
70.09646,106.9817
70.13797,105.3915
70.17949,103.5237
70.221,101.319
70.26252,98.74275
70.30403,95.77068
70.34554,92.49694
70.38706,88.91973
70.42857,85.08796
70.47009,80.99798
70.5116,76.65897
70.55311,72.05361
70.59463,67.1975
70.63614,62.09552
70.67766,56.76384
70.71917,51.23643
70.76068,45.53544
70.8022,39.67674
70.84371,33.62292
70.88523,27.42307
70.92674,21.02421
70.96825,14.49559
71.00977,7.888088
71.05128,1.321827
71.0928,-5.319461
71.13431,-11.94492
71.17582,-18.55454
71.21734,-25.01477
71.25885,-31.42021
71.30037,-37.70078
71.34188,-43.87248
71.38339,-49.803
71.42491,-55.55245
71.46642,-61.07353
71.50794,-66.32357
71.54945,-71.26272
71.59096,-75.90842
71.63248,-80.24827
71.67399,-84.26136
71.71551,-87.97011
71.75702,-91.36465
71.79853,-94.47019
71.84005,-97.26886
71.88156,-99.80381
71.92308,-102.046
71.96459,-104.0134
72.00611,-105.677
72.04762,-107.0944
72.08913,-108.2586
72.13065,-109.1604
72.17216,-109.7651
72.21368,-110.0487
72.25519,-110.0236
72.2967,-109.7431
72.33822,-109.248
72.37973,-108.5435
72.42125,-107.6396
72.46276,-106.5516
72.50427,-105.3216
72.54579,-104.0009
72.5873,-102.6074
72.62882,-101.0996
72.67033,-99.45815
72.71184,-97.73019
72.75336,-95.96497
72.79487,-94.19899
72.83639,-92.36057
72.8779,-90.47322
72.91941,-88.55025
72.96093,-86.60988
73.00244,-84.63111
73.04396,-82.62644
73.08547,-80.60016
73.12698,-78.60488
73.1685,-76.65428
73.21001,-74.75954
73.25153,-72.89377
73.29304,-71.07323
73.33455,-69.25365
73.37607,-67.41996
73.41758,-65.5575
73.4591,-63.70417
73.50061,-61.88119
73.54212,-60.06418
73.58364,-58.19574
73.62515,-56.31035
73.66667,-54.47021
73.70818,-52.66427
73.74969,-50.90284
73.79121,-49.16976
73.83272,-47.50639
73.87424,-45.90424
73.91575,-44.36035
73.95726,-42.85833
73.99878,-41.44444
74.04029,-40.12334
74.08181,-38.91793
74.12332,-37.79888
74.16484,-36.72846
74.20635,-35.66694
74.24786,-34.61438
74.28938,-33.57841
74.33089,-32.57128
74.37241,-31.58774
74.41392,-30.65602
74.45543,-29.7961
74.49695,-28.98212
74.53846,-28.21841
74.57998,-27.51568
74.62149,-26.89257
74.663,-26.35336
74.70452,-25.89687
74.74603,-25.51684
74.78755,-25.18928
74.82906,-24.86597
74.87057,-24.52159
74.91209,-24.15099
74.9536,-23.75719
74.99512,-23.35807
75.03663,-22.98634
75.07814,-22.65263
75.11966,-22.34768
75.16117,-22.07835
75.20269,-21.85529
75.2442,-21.62967
75.28571,-21.39512
75.32723,-21.14091
75.36874,-20.84737
75.41026,-20.53899
75.45177,-20.24868
75.49328,-19.98998
75.5348,-19.78352
75.57631,-19.64058
75.61783,-19.56909
75.65934,-19.50902
75.70085,-19.41398
75.74237,-19.27128
75.78388,-19.08768
75.8254,-18.94368
75.86691,-18.87499
75.90842,-18.84396
75.94994,-18.80424
75.99145,-18.75538
76.03297,-18.73453
76.07448,-18.7388
76.116,-18.71406
76.15751,-18.62647
76.19902,-18.48161
76.24054,-18.30044
76.28205,-18.10898
76.32357,-17.92748
76.36508,-17.77908
76.40659,-17.67321
76.44811,-17.60417
76.48962,-17.59896
76.53114,-17.64505
76.57265,-17.68482
76.61416,-17.66099
76.65568,-17.57477
76.69719,-17.45705
76.73871,-17.2956
76.78022,-17.11062
76.82173,-16.96022
76.86325,-16.85646
76.90476,-16.77103
76.94628,-16.68873
76.98779,-16.59853
77.0293,-16.49146
77.07082,-16.38178
77.11233,-16.31114
77.15385,-16.26421
77.19536,-16.21565
77.23687,-16.14772
77.27839,-16.05173
77.3199,-15.9481
77.36142,-15.83566
77.40293,-15.68421
77.44444,-15.51604
77.48596,-15.35428
77.52747,-15.21188
77.56899,-15.04309
77.6105,-14.83347
77.65201,-14.59865
77.69353,-14.36043
77.73504,-14.12633
77.77656,-13.89538
77.81807,-13.65598
77.85958,-13.41666
77.9011,-13.17547
77.94261,-12.93815
77.98413,-12.7077
78.02564,-12.49616
78.06716,-12.30888
78.10867,-12.1245
78.15018,-11.91861
78.1917,-11.68654
78.23321,-11.45561
78.27473,-11.22915
78.31624,-11.04985
78.35775,-10.93326
78.39927,-10.85326
78.44078,-10.80325
78.4823,-10.79573
78.52381,-10.81823
78.56532,-10.88171
78.60684,-10.98857
78.64835,-11.11174
78.68987,-11.23808
78.73138,-11.37819
78.77289,-11.50441
78.81441,-11.60043
78.85592,-11.64867
78.89744,-11.60138
78.93895,-11.44616
78.98046,-11.23188
79.02198,-11.01414
79.06349,-10.82152
79.10501,-10.67123
79.14652,-10.52656
79.18803,-10.38991
79.22955,-10.23324
79.27106,-10.03701
79.31258,-9.80523
79.35409,-9.563103
79.3956,-9.354581
79.43712,-9.240721
79.47863,-9.201305
79.52015,-9.165269
79.56166,-9.069997
79.60317,-8.929873
79.64469,-8.807399
79.6862,-8.738733
79.72772,-8.722119
79.76923,-8.730702
79.81074,-8.736513
79.85226,-8.731147
79.89377,-8.68185
79.93529,-8.564216
79.9768,-8.412909
80.01832,-8.274249
80.05983,-8.146403
80.10134,-7.991032
80.14286,-7.771036
80.18437,-7.475036
80.22589,-7.148032
80.2674,-6.827021
80.30891,-6.524308
80.35043,-6.258645
80.39194,-5.996368
80.43346,-5.709849
80.47497,-5.422895
80.51648,-5.1358
80.558,-4.850912
80.59951,-4.569749
80.64103,-4.318661
80.68254,-4.084457
80.72405,-3.836782
80.76557,-3.582991
80.80708,-3.35786
80.8486,-3.177554
80.89011,-3.028421
80.93162,-2.900834
80.97314,-2.769878
81.01465,-2.646562
81.05617,-2.524859
81.09768,-2.410977
81.13919,-2.302838
81.18071,-2.176868
81.22222,-2.036588
81.26374,-1.914685
81.30525,-1.805704
81.34676,-1.696669
81.38828,-1.594349
81.42979,-1.509808
81.47131,-1.398281
81.51282,-1.242508
81.55433,-1.068844
81.59585,-0.8863699
81.63736,-0.6993065
81.67888,-0.5182279
81.72039,-0.3693962
81.7619,-0.2391498
81.80342,-0.07195376
81.84493,0.1337219
81.88645,0.3050155
81.92796,0.4184539
81.96947,0.5037944
82.01099,0.5924315
82.0525,0.686832
82.09402,0.765743
82.13553,0.8438101
82.17705,0.9238417
82.21856,1.024606
82.26007,1.139142
82.30159,1.254938
82.3431,1.426256
82.38462,1.669147
82.42613,1.925478
82.46764,2.188512
82.50916,2.469731
82.55067,2.748631
82.59219,2.997847
82.6337,3.192775
82.67521,3.332638
82.71673,3.443726
82.75824,3.544664
82.79976,3.635431
82.84127,3.663794
82.88278,3.617889
82.9243,3.551702
82.96581,3.521067
83.00733,3.542516
83.04884,3.59229
83.09035,3.636168
83.13187,3.661819
83.17338,3.702625
83.2149,3.778162
83.25641,3.868814
83.29792,3.944873
83.33944,4.040878
83.38095,4.154472
83.42247,4.218503
83.46398,4.239259
83.50549,4.232824
83.54701,4.188053
83.58852,4.105099
83.63004,4.003813
83.67155,3.918796
83.71306,3.834666
83.75458,3.740133
83.79609,3.671082
83.83761,3.62395
83.87912,3.578873
83.92063,3.564489
83.96215,3.620554
84.00366,3.749195
84.04518,3.910616
84.08669,4.083467
84.12821,4.259347
84.16972,4.426833
84.21123,4.56748
84.25275,4.6825
84.29426,4.796411
84.33578,4.918083
84.37729,5.024525
84.4188,5.118508
84.46032,5.185434
84.50183,5.232654
84.54335,5.266613
84.58486,5.264522
84.62637,5.229481
84.66789,5.183079
84.7094,5.156956
84.75092,5.158112
84.79243,5.190565
84.83394,5.257556
84.87546,5.314896
84.91697,5.351929
84.95849,5.432115
85,5.513208